prompt_class,layer,head,mean_forman_curvature_mean,mean_forman_curvature_std,mean_forman_curvature_median,density_mean,density_std,density_median,n_edges_mean,n_edges_std,n_edges_median,lcc_size_mean,lcc_size_std,lcc_size_median,row_entropy_mean_mean,row_entropy_mean_std,row_entropy_mean_median,avg_shortest_path_lcc_mean,avg_shortest_path_lcc_std,avg_shortest_path_lcc_median,mean_forman_curvature_ci_lo,mean_forman_curvature_ci_hi,density_ci_lo,density_ci_hi,n_edges_ci_lo,n_edges_ci_hi,lcc_size_ci_lo,lcc_size_ci_hi,row_entropy_mean_ci_lo,row_entropy_mean_ci_hi,avg_shortest_path_lcc_ci_lo,avg_shortest_path_lcc_ci_hi
descriptive_baseline,8,0,43.87324282880318,4.940240744289611,41.85699372719539,0.5,0.0,0.5,58.3,5.313504806936128,55.0,11.3,0.48304589153964794,11.0,1.445174391648986,0.04672927509309716,1.4473568201065063,1.8379355850613972,0.07378332104487018,1.8263412742328957,41.08788689211267,46.97182383668504,0.5,0.5,55.0,61.6,11.0,11.6,1.416769405260682,1.4727334942926058,1.7961522652625765,1.8831221094772013
descriptive_baseline,8,1,53.21864486390776,8.150441599019283,49.808669095664015,0.47363636363636363,0.013686775503801487,0.4727272727272727,55.3,6.147266781984402,52.5,11.3,0.48304589153964794,11.0,1.1545950043472377,0.07738413731367008,1.1482934698462486,1.3910161218617811,0.10241933058292138,1.4010803923185984,48.57202813993445,58.63871462003865,0.4656060606060605,0.48227272727272724,51.9,59.2025,11.0,11.6,1.108775983415544,1.200348219403489,1.3348942477606536,1.452098908819943
descriptive_baseline,8,2,46.451153755534236,5.193884186175905,46.14309641128604,0.5,0.0,0.5,58.3,5.313504806936128,55.0,11.3,0.48304589153964794,11.0,1.40240606456995,0.048326383950234086,1.414186085354198,1.7282581335100862,0.08950036690782481,1.7167370657093077,43.403348593889646,49.45670947638014,0.5,0.5,55.0,61.6,11.0,11.6,1.3732588501606475,1.430450681806288,1.6762711237427004,1.7787943283409868
descriptive_baseline,8,3,45.13763163319336,10.896651727088209,46.28990424841048,0.4821212121212121,0.013790745992627066,0.4818181818181818,56.3,6.342975116877987,53.0,11.3,0.48304589153964794,11.0,1.2829845381324942,0.11021415635801557,1.2433871373534204,1.6626465189194182,0.17996684646259684,1.6399545653069967,38.13541418697928,51.16262199733406,0.47393939393939394,0.4904545454545454,52.8,60.2,11.0,11.6,1.217052257888019,1.3476165601231835,1.554198347269967,1.7661759263787655
descriptive_baseline,8,4,47.6210894423528,13.438552801311026,42.9207885424974,0.4663636363636363,0.021767618177052122,0.4727272727272727,54.5,6.851601597031486,52.0,11.3,0.48304589153964794,11.0,1.0677926155789332,0.10809194519905545,1.1073138803243636,1.5041013819727884,0.2606988196986826,1.5397439240349389,40.493871166408255,56.455396053210045,0.45318181818181824,0.47863636363636364,50.6,58.7,11.0,11.6,1.0017441762015225,1.1278415544662965,1.3406058208946625,1.6462163389979432
descriptive_baseline,8,5,52.0311152544097,5.193011412723864,51.091834249713166,0.5,0.0,0.5,58.3,5.313504806936128,55.0,11.3,0.48304589153964794,11.0,1.347091085721146,0.05778983886479214,1.335874781012535,1.7283738263424024,0.1285594994610324,1.7042898526978125,49.23047736269773,55.130791919379256,0.5,0.5,55.0,61.6,11.0,11.6,1.314295393915339,1.3825274814123458,1.6541222910780382,1.8044643280422847
descriptive_baseline,8,6,54.265417647522305,7.535885901268963,55.11153584492918,0.48954545454545456,0.012584780341964034,0.49166666666666664,57.1,5.626327003965869,55.0,11.3,0.48304589153964794,11.0,1.2190973708981816,0.09694529611393098,1.2032240271568297,1.4956262971424337,0.14849382407371797,1.5176705566790232,49.872015554162445,58.80963831058313,0.48121212121212126,0.4959090909090909,53.8975,60.6025,11.0,11.6,1.1594178476177832,1.278033635965125,1.3957904714600196,1.5760422231448326
descriptive_baseline,8,7,-10.207713382291548,18.62144472074182,-10.785687191742742,0.32560606060606057,0.018930300847436923,0.3181818181818182,37.9,3.2472210341220147,37.5,11.3,0.48304589153964794,11.0,0.8119544250789014,0.05438563745697985,0.7957828838378191,1.4617969776661683,0.13568529758148487,1.435838905711087,-21.34487253849534,0.9369782512866246,0.3148484848484848,0.3381818181818181,36.0,39.7,11.0,11.6,0.7841197437601672,0.8462913572535936,1.3828371187146158,1.5456650571046586
descriptive_baseline,8,8,49.77638784092032,6.082587624660638,50.73366850983779,0.49651515151515146,0.006228728724574067,0.5,57.9,5.404730438339279,55.0,11.3,0.48304589153964794,11.0,1.3218367331678216,0.07948082586174918,1.3219648987054824,1.6881282550044552,0.1726278861637713,1.737881529305621,45.7056796232578,53.10041655384163,0.4927272727272727,0.5,54.7975,61.3,11.0,11.6,1.2762178520329974,1.3679330707937476,1.582046347537287,1.7833671854003303
descriptive_baseline,8,9,46.352404624051644,12.141543424800089,48.10552815068002,0.4963636363636364,0.007666127661014251,0.5,57.9,5.646040894093646,55.0,11.3,0.48304589153964794,11.0,1.3372590898383747,0.05521287381083715,1.326549675247886,1.77487989324969,0.1373099946155078,1.7617316026317675,38.510859529144476,53.04598676935229,0.4909090909090909,0.5,54.6,61.404999999999994,11.0,11.6,1.3072844153954224,1.3745580423812973,1.7001325858633736,1.8593076825520447
descriptive_baseline,8,10,50.891172245693824,6.6382909413253675,52.41736371729347,0.49742424242424244,0.005977972011686987,0.5,58.0,5.333333333333333,55.0,11.3,0.48304589153964794,11.0,1.327058086937124,0.0971169028426667,1.329832285642624,1.7894407305522653,0.149751598593025,1.8060286635522584,46.36359198862052,54.017566154556164,0.4937878787878788,0.5,54.9975,61.4,11.0,11.6,1.2663654063059524,1.382543000245636,1.6916105312490386,1.8736383892814346
descriptive_baseline,8,11,55.770346547736736,2.9976468391252356,56.1634677962249,0.49818181818181817,0.003833063830507129,0.5,58.1,5.466056876558985,55.0,11.3,0.48304589153964794,11.0,1.283348777375438,0.089302596889403,1.256494101881981,1.5057401586038746,0.25182380505314017,1.4285416006929945,53.998104603737964,57.52218285122014,0.4954545454545455,0.5,54.8,61.5,11.0,11.6,1.2336366942484271,1.340986022608524,1.3677877891546382,1.6470209771619833
descriptive_baseline,11,0,46.757045054298246,3.9085029176320414,45.9686252598096,0.5,0.0,0.5,58.3,5.313504806936128,55.0,11.3,0.48304589153964794,11.0,1.4130322111736644,0.06103228703093821,1.4053346753120421,1.7744177597111506,0.09741003395575175,1.7794211811447402,44.50467240024526,49.030982552378646,0.5,0.5,55.0,61.6,11.0,11.6,1.3777911135933616,1.4515910189842633,1.7118478166261175,1.8274321921842585
descriptive_baseline,11,1,53.87189470697297,5.7075300999705645,53.79121161561388,0.4907575757575757,0.00419222342817115,0.4909090909090909,57.2,4.93963561409139,54.0,11.3,0.48304589153964794,11.0,1.2817961785739118,0.07924879164567152,1.2848032355308534,1.6023613619434667,0.15812040203490574,1.624967929354338,50.42711997706488,57.47455772313856,0.48848484848484847,0.49318181818181817,54.3,60.4,11.0,11.6,1.2387228224521334,1.3283945235291668,1.5063194929651196,1.6845766871217465
descriptive_baseline,11,2,49.757136687024406,6.630825183496963,48.993296142554485,0.4880303030303031,0.01575320452190307,0.4954545454545455,56.9,5.4660568765589845,55.0,11.3,0.48304589153964794,11.0,1.2949346827918835,0.06504643445728518,1.2914898931980132,1.654978452561102,0.1582774451987676,1.6473084520349446,45.70915194908824,53.687099388856566,0.47757575757575754,0.4963636363636364,54.1,60.4,11.0,11.6,1.2566994673934848,1.333529923315753,1.5628556944232124,1.745051292689236
descriptive_baseline,11,3,52.726046681314834,10.410206996321255,53.115799602105355,0.4906060606060606,0.011904630722089766,0.4954545454545455,57.2,5.349974039397035,55.0,11.3,0.48304589153964794,11.0,1.2813689015399325,0.08839512972671135,1.2755999899723314,1.731358048919083,0.15466347708522055,1.74687190453044,46.576485238608576,59.3409689625589,0.4836363636363636,0.49727272727272726,54.4,60.6025,11.0,11.6,1.2330473418310284,1.335363370155069,1.6404607833211888,1.8165811960606004
descriptive_baseline,11,4,52.81825242428363,7.448539302228823,50.645458713910486,0.5,0.0,0.5,58.3,5.313504806936128,55.0,11.3,0.48304589153964794,11.0,1.3577116936987097,0.029964718915217847,1.37009419798851,1.783685587430855,0.060282439929733006,1.7975896297098486,48.39210056433181,57.43638171562738,0.5,0.5,55.0,61.6,11.0,11.6,1.3413566327718172,1.374147423137318,1.74594200196772,1.8206716506852114
descriptive_baseline,11,5,50.60416354904693,5.98358289934217,50.17910629670228,0.4821212121212121,0.013529321737578363,0.4818181818181818,56.2,5.181162460726785,54.0,11.3,0.48304589153964794,11.0,1.288361362760717,0.07505386935237517,1.3053803503513337,1.6803032221988619,0.16825854743728724,1.6973168455867544,47.37941890727963,54.27220062581984,0.47378409090909096,0.48999999999999994,53.5,59.5,11.0,11.6,1.2409020995633169,1.3316089075194164,1.5754763363319653,1.7769250727639485
descriptive_baseline,11,6,50.95280562206719,4.154104381583387,52.16996173828167,0.49348484848484847,0.009036029639716298,0.5,57.5,4.813176359397887,55.0,11.3,0.48304589153964794,11.0,1.347184312831272,0.06566159358525651,1.3278327660127118,1.7676429839131995,0.10689666090218916,1.7717448883653346,48.39213978323677,53.324614805322035,0.48772348484848493,0.4984848484848484,54.8,60.5,11.0,11.6,1.3129820265742864,1.3911606504348193,1.7093269492272272,1.8363290333275866
descriptive_baseline,11,7,49.74709204756153,9.810691363879434,49.821661430067905,0.4843939393939394,0.008865039170698018,0.4833333333333333,56.5,5.502524673073057,54.0,11.3,0.48304589153964794,11.0,1.271030354472724,0.07622034959953679,1.2694508224725722,1.5802372234741227,0.13337701102342434,1.5919182069010618,43.95945661837264,55.05327675678386,0.4795454545454546,0.48954545454545456,53.5,59.9,11.0,11.6,1.2256587045551703,1.3173135929974642,1.4956459331649232,1.6532569727342261
descriptive_baseline,11,8,57.22988590867459,5.877591443703727,55.9594356430343,0.4904545454545454,0.011824007887955559,0.4954545454545455,57.2,5.553777493242276,55.0,11.3,0.48304589153964794,11.0,1.2355621505867351,0.07121946865450461,1.2546346455812456,1.6314918506258593,0.10427039731021118,1.635450476426732,54.0051073120587,60.67119272424321,0.4831818181818182,0.49727272727272726,54.197500000000005,60.7025,11.0,11.6,1.1936415268778802,1.2786754173175856,1.5685143745502899,1.693825000273913
descriptive_baseline,11,9,51.52745279496037,3.943541003283633,50.9686841457531,0.4875757575757576,0.013529321737578351,0.4909090909090909,56.8,4.756282395129858,55.0,11.3,0.48304589153964794,11.0,1.3024802258881656,0.08465296155536653,1.28887942135334,1.6280171721517125,0.1743425241224176,1.6812066535829158,49.149585285396974,53.97764815290832,0.4781818181818182,0.495,54.3,59.9,11.0,11.6,1.2548961583145641,1.3539576957347719,1.523590305452678,1.7247303535342962
descriptive_baseline,11,10,48.90634745826658,14.582872924957721,50.93193190599971,0.48045454545454547,0.016010180670865765,0.47954545454545455,56.0,5.14241620684717,55.0,11.3,0.48304589153964794,11.0,1.2032983872429892,0.0666460401843394,1.2034230180084706,1.6570581416431913,0.1066308986461623,1.6526091308700006,39.21375293843985,56.33863436998723,0.4709090909090909,0.48999999999999994,53.2,59.2,11.0,11.6,1.16465917729925,1.241610093600032,1.594738828657269,1.7212922846747758
descriptive_baseline,11,11,31.65036734060434,17.054221335179793,35.66614899019338,0.4377272727272727,0.0386385092161893,0.4507575757575757,50.8,3.966526608171604,50.5,11.3,0.48304589153964794,11.0,1.045590372898362,0.09375512929439418,1.0642092943191528,1.4996181219844082,0.18050514262268194,1.497900102705569,18.859737360391758,40.45944431515548,0.4102992424242424,0.45818181818181813,48.597500000000004,53.4,11.0,11.6,0.9810598333166404,1.0968630080900408,1.4057162257795957,1.6094250762272029
logical_relational,8,0,72.16939220790572,27.465909057590945,62.74241819003802,0.4939684240767832,0.009442622036687522,0.5,90.9,43.06442202612784,77.5,13.8,3.1198290551460235,13.0,1.4943707212784685,0.13582456463649314,1.455581730270719,2.007133877360498,0.18258556735864387,1.9575421437174465,58.09790239205478,88.20104940121193,0.48766983446550005,0.4990476190476191,70.0,116.5,12.2,15.6,1.4227506766644689,1.5793415008888725,1.911619804486847,2.114571666594672
logical_relational,8,1,52.5967479463701,16.440557569694725,57.82885149587106,0.43519650971663354,0.04570211402367942,0.4480019980019979,77.3,27.980350247986532,72.0,13.8,3.1198290551460235,13.0,1.1514003918434583,0.18950721290050151,1.2150830073932712,1.4200543411487394,0.37689272827461934,1.5245119537090353,42.84543939205418,61.47261453863865,0.40779476672278525,0.45954828504828504,62.6925,94.0,12.2,15.6,1.041650909426441,1.2576137756249546,1.2064305076755464,1.6233273079152815
logical_relational,8,2,72.80182547815147,29.387857483099054,66.096532726156,0.4928725780583366,0.010956007108128135,0.5,90.6,42.4531113897046,78.5,13.8,3.1198290551460235,13.0,1.5168113552575166,0.18473897253797258,1.506725437782861,1.9366007930493268,0.3008519814692522,1.9794165519069116,57.894637732279044,91.72078279758185,0.48629212123445864,0.49869281045751634,69.9,115.7075,12.2,15.6,1.4110356193937554,1.6250361238429851,1.758386076188628,2.1085713214975157
logical_relational,8,3,71.44139080109657,17.239250716717592,66.56021454811805,0.48536606668185617,0.026920371553211225,0.5,87.9,36.972812834417795,78.5,13.8,3.1198290551460235,13.0,1.4363770188237373,0.1553624452033417,1.4415647918944594,1.8222952236365306,0.24203709561373726,1.8419063654217542,61.732307305302335,81.69341281113844,0.468053286625655,0.4990476190476191,69.39750000000001,109.5025,12.2,15.6,1.3431229122873725,1.5261611204128056,1.6806513010813227,1.9532142061959135
logical_relational,8,4,32.856543766306636,21.923234629659948,37.28717551462502,0.40763269925808626,0.05220802496146603,0.4090909090909091,71.6,24.65855722552405,63.5,13.8,3.1198290551460235,13.0,1.1378246041616322,0.0748031915599444,1.1278634343100222,1.8500180241905053,0.2596071934710589,1.804957225380215,19.391298866429732,44.65026520619237,0.37803354226612745,0.4386136757978863,59.4,86.1,12.2,15.6,1.096003045397531,1.183955374083096,1.6963898409170728,2.0054658156082077
logical_relational,8,5,47.95331316908094,16.318763737681092,44.85022842950033,0.42912618856891294,0.04372546369823816,0.4333333333333333,76.7,29.24247291564484,70.0,13.8,3.1198290551460235,13.0,1.2959058582495804,0.11623168512507707,1.2949848035448475,2.1468376998228322,0.24187789072940774,2.2079680879067207,39.49269506476194,58.24165389240524,0.4039212871751571,0.4542178238428238,61.394999999999996,94.3025,12.2,15.6,1.2285931812184543,1.363606660448829,2.006267108316755,2.2868769552819845
logical_relational,8,6,65.36563348146043,18.410077958203882,67.44282244952296,0.4684792245937756,0.03159585239323593,0.48418248418248416,84.5,34.84011098336705,76.5,13.8,3.1198290551460235,13.0,1.3786486537270215,0.15832951954928476,1.3749571325687262,1.7590113734000752,0.2965547563243545,1.7657472292076373,54.433710295503495,75.44326110980849,0.44942953267063174,0.4853584356819651,67.2975,104.80499999999999,12.2,15.6,1.2896877457178517,1.4722224958214043,1.585151404861248,1.9299995819914761
logical_relational,8,7,19.990918026197097,12.65352041575268,16.679053926980256,0.3579392588835313,0.052785322163983184,0.3397435897435897,62.8,22.28502237428139,54.5,13.8,3.1198290551460235,13.0,0.9342355321961107,0.1019223310691884,0.9184610973511423,1.8067413924303803,0.3486335088441819,1.7731431686050845,12.382181048257207,27.70010125736617,0.32869643230866136,0.3902987415061718,51.7975,76.5025,12.2,15.6,0.8756715641551496,1.000227541312703,1.5947876973864836,2.006335074936738
logical_relational,8,8,71.41182227728522,17.750587069442634,72.29371415732636,0.48731604652657284,0.02546465400903847,0.5,88.4,37.66578170051846,78.0,13.8,3.1198290551460235,13.0,1.4530878257330018,0.15705533031886962,1.4469911908353126,1.8492148679194684,0.24088617956615221,1.8401892270060856,61.296692542654256,81.76426584662482,0.47017543859649125,0.5,69.595,110.4,12.2,15.6,1.366451742440859,1.5433841555441903,1.719033813076272,1.994041701033006
logical_relational,8,9,72.91457749511328,32.69738401567477,62.501389856255344,0.4986205710354318,0.0033739975390508535,0.5,92.2,44.80277769166649,78.5,13.8,3.1198290551460235,13.0,1.5346257451702512,0.17507747399017362,1.5034579373114592,1.9532740042605496,0.23979440187233594,1.9713689217382147,56.679690876234005,91.96166672524254,0.49651530787753695,0.5,70.2,118.60749999999999,12.2,15.6,1.4428137422574723,1.6374292640826402,1.81577845262323,2.0948375521386455
logical_relational,8,10,69.30547367701844,24.747153374310074,61.827604014855865,0.4928580810314556,0.012964211558162343,0.5,90.4,41.56173453764626,78.5,13.8,3.1198290551460235,13.0,1.527018683426099,0.15657669479627695,1.5120542153611884,1.966552701538965,0.2585750775897484,1.9255164157422286,56.41277163255428,84.80640840035954,0.4849633441893504,0.4992424242424242,69.9975,114.41,12.2,15.6,1.4399602862825214,1.6197240915797535,1.8294886291230106,2.1181261331187184
logical_relational,8,11,66.920849889457,17.43686153908183,72.16643657755844,0.4692832262336906,0.03041131267679374,0.479004329004329,85.1,36.09693738932555,78.0,13.8,3.1198290551460235,13.0,1.384225976614528,0.20285709678083008,1.3941793517841328,1.719138879629209,0.3376388536362367,1.695804712919165,57.02346587668333,76.63887125392216,0.45080119712588745,0.4868933719788983,66.9975,106.405,12.2,15.6,1.2705996216046247,1.5026442402622133,1.5355092834046848,1.920587730704578
logical_relational,11,0,67.29058531331404,31.350399125771258,57.039440563758724,0.4983574131406948,0.0041743786114697475,0.5,92.1,44.57066798292846,78.5,13.8,3.1198290551460235,13.0,1.6182372381434749,0.1742923088865946,1.5881503122253018,2.0377578808230803,0.25335692444469066,1.9755084499730184,51.76857496451765,85.37980049937802,0.49572583419332644,0.5,70.2,118.4075,12.2,15.6,1.5267417896904283,1.721105539101055,1.9098527916655945,2.184635859467872
logical_relational,11,1,69.84852870611914,31.59480019338009,64.54826485308092,0.49529874837924376,0.007913869244888159,0.5,91.2,43.16840408343944,78.0,13.8,3.1198290551460235,13.0,1.5560934035572802,0.15025689863765807,1.5200316512084506,1.957439440993476,0.24509032296371297,1.8874544429326217,53.8075853963159,88.66571022745237,0.4903150584795322,0.4990476190476191,70.1975,116.50999999999999,12.2,15.6,1.4754269443540682,1.6473705656336066,1.8334261222101669,2.1017568423709885
logical_relational,11,2,73.53377784902503,22.810244144327772,65.54079908721687,0.48522933035316934,0.02407899027455904,0.4938311688311688,88.1,37.73724950231535,77.0,13.8,3.1198290551460235,13.0,1.420705236887973,0.14003515736008812,1.418614159639065,1.6761657027632704,0.19408228323483936,1.6482542671737204,61.10273647126088,86.79158389119202,0.46972899619300545,0.4973859473859473,69.39500000000001,109.80499999999999,12.2,15.6,1.341651580616995,1.5019474513003113,1.568306319778405,1.7949949282765765
logical_relational,11,3,72.9997521165379,23.872664554172328,67.99589498852193,0.489422330335643,0.02121590968707559,0.5,89.1,38.957098910924515,78.5,13.8,3.1198290551460235,13.0,1.4800848403819162,0.1497166314132226,1.483886216367994,1.9862847543286832,0.28868524110342564,1.9738204580916159,60.161912070028144,86.73030733570278,0.47522187822497414,0.5,69.7,111.9,12.2,15.6,1.3957461686146306,1.5701012989905896,1.8286684651244556,2.155358539728085
logical_relational,11,4,66.29832047052739,27.282501923366237,57.13844763694428,0.48959294919047236,0.016710223254304615,0.5,89.6,41.06417741373455,76.5,13.8,3.1198290551460235,13.0,1.566461281477117,0.14943679917120364,1.5354690174539605,1.9871020903927625,0.23542804036567988,1.913142874220104,52.521621420498626,82.87347779660531,0.47870199631809535,0.4990476190476191,69.795,113.9025,12.2,15.6,1.4847235664612612,1.6521849592304703,1.855341946358561,2.1269629207149787
logical_relational,11,5,67.48959812433337,20.55094295830077,64.87916157805411,0.4831495611371772,0.02374725159890633,0.49307359307359305,87.9,38.32449173396389,77.0,13.8,3.1198290551460235,13.0,1.4942372653646714,0.1482097936045882,1.4733236880077945,1.899014223020219,0.19282995018199883,1.8407096755764383,56.0193227888627,79.25178033730073,0.4676665572129968,0.496057276057276,68.9975,110.30499999999999,12.2,15.6,1.414639901017601,1.58288453612655,1.7974708181910082,2.013691358476681
logical_relational,11,6,77.35081551572398,23.233912470679254,69.62642907573232,0.4869180303700428,0.028656427899219305,0.5,88.1,36.63468302032925,78.5,13.8,3.1198290551460235,13.0,1.391728759072738,0.14775448904837596,1.3456426715100562,1.6074100666365747,0.26667448644584646,1.5318675831107602,64.55290091773048,90.77463085724311,0.46954960931741113,0.5,69.4975,109.505,12.2,15.6,1.3059277660374724,1.480892868733708,1.4536758218554269,1.7718743047480119
logical_relational,11,7,71.67180826952617,30.210082190374877,60.39268213510268,0.4937187803596473,0.010992291755971969,0.5,90.7,42.30327016516178,77.5,13.8,3.1198290551460235,13.0,1.5117427768362508,0.15850618932680302,1.48181333512693,1.906271269671081,0.21836992262472085,1.8937915241723717,56.963883340556734,89.4781456828315,0.48633705587498166,0.5,70.0975,115.505,12.2,15.6,1.423412931596006,1.6020716947088618,1.7822350706288947,2.03305808946334
logical_relational,11,8,70.38041825792757,24.619871992505825,66.28670402192978,0.4880516645377327,0.020697920676125192,0.4976190476190476,88.9,39.10797020216382,78.0,13.8,3.1198290551460235,13.0,1.4867038064021216,0.11318469691272165,1.489169343368157,1.9974020916366488,0.16068053218024284,1.9277880033980128,57.119676137857795,85.23620425401572,0.473819977365256,0.49869297369297366,69.69500000000001,111.8025,12.2,15.6,1.423121147622742,1.5502031652977546,1.9106534979846288,2.093769281749433
logical_relational,11,9,72.166948789983,29.067220536223797,69.18208854295247,0.4872856452113418,0.018667345699608998,0.4976190476190476,89.1,40.206273695089486,78.0,13.8,3.1198290551460235,13.0,1.438209435655121,0.1392458164525794,1.4650108617085678,1.7370987933054294,0.21849860149895267,1.7916347873275886,56.47901335672881,89.3933588772525,0.47529778451682475,0.4980302197802198,69.2975,112.7,12.2,15.6,1.3532160357072194,1.5091688050736136,1.5980119668986503,1.8456985923743208
logical_relational,11,10,59.70743075403923,14.692631710064449,55.710230935750644,0.4708366281121699,0.05082157832771265,0.5,83.6,30.19271435296933,78.5,13.8,3.1198290551460235,13.0,1.4401828660808615,0.1335745184904822,1.4654818629836015,1.8441118865762083,0.19128981504093973,1.8671794054482358,51.48635207574718,69.16646228267248,0.43814369033099676,0.4990476190476191,67.89750000000001,101.5025,12.2,15.6,1.3623451802325737,1.5176230945298337,1.7315764835628502,1.952153319116885
logical_relational,11,11,71.89924406888062,22.987747749877954,72.6171764485753,0.4897712418300654,0.02157085549989403,0.5,89.2,39.182762650033865,78.5,13.8,3.1198290551460235,13.0,1.4662502485555189,0.15435882469966097,1.4654404096692413,1.8832618016616784,0.2510343556197126,1.8197287360827434,58.732565855456265,85.14500955586313,0.47454248366013074,0.5,69.9,112.205,12.2,15.6,1.3830035901960855,1.5596346501669658,1.7496846803045918,2.038193349552457
minimal_pair,8,0,54.54037261691813,20.23612813838648,46.463025048956894,0.49952380952380954,0.0015058465048420966,0.5,63.9,20.695946999889188,55.0,11.7,1.766981104093143,11.0,1.3999574770949033,0.09517463834301888,1.3801753412593496,1.8484738016896525,0.16181906521923722,1.8431043391928428,42.8806279684418,66.36528751277552,0.49857142857142855,0.5,52.3,76.7,10.7,12.8,1.3516214176160517,1.461283577375409,1.7534534596422588,1.9479778948003743
minimal_pair,8,1,45.71080988282546,13.274957689038978,42.036044051819246,0.458009768009768,0.017092703982745597,0.45854700854700847,58.4,18.13039191829871,51.0,11.7,1.766981104093143,11.0,1.1585046086086128,0.15125718518177184,1.1363887194130156,1.4223952257193901,0.29119695296574544,1.3717836398337422,38.56083200410613,53.699768464528134,0.44766683316683303,0.4670444832944832,48.1,68.91,10.7,12.8,1.0716101536723701,1.248242991443981,1.2512559212583543,1.5916081947272782
minimal_pair,8,2,52.189994497754014,14.329834813616754,47.65568294947199,0.4962204462204462,0.007619613918498422,0.5,63.3,19.765570514856833,55.0,11.7,1.766981104093143,11.0,1.3970195799553244,0.14272682111180565,1.4033477932214737,1.7406787854392225,0.21575558110227183,1.7763282120393447,43.967340195023056,60.56715313179444,0.4908175158175158,0.499375,52.2,75.10249999999999,10.7,12.8,1.3132512965124064,1.4831008764675204,1.614755653778202,1.8693493616520822
minimal_pair,8,3,53.949325403098634,16.627528525053975,50.24896199573028,0.4949877899877899,0.005450173553108579,0.4962121212121212,63.3,20.477901368168673,55.0,11.7,1.766981104093143,11.0,1.3587738832052996,0.15059936887856912,1.3775019645690918,1.682600589367146,0.25818903114897906,1.7539751053341586,44.4457912407108,63.86202404033835,0.4914835164835164,0.4981313131313131,51.8,75.9025,10.7,12.8,1.2671300244849135,1.4443000069306826,1.518905687561449,1.8270847643068409
minimal_pair,8,4,41.064792198543316,11.501118895471787,43.106495219150155,0.446956376956377,0.04495320893917328,0.47070707070707074,55.7,12.561404733901734,54.0,11.7,1.766981104093143,11.0,1.100651622420345,0.0737604393414857,1.0868019393748707,1.6457443255847317,0.28738509590872957,1.5879459381301886,33.26112131956745,46.75652091759028,0.41865920190920186,0.4719217171717172,48.597500000000004,62.904999999999994,10.7,12.8,1.0591336519803645,1.1449113751557187,1.4856958914443974,1.8086028855794618
minimal_pair,8,5,42.955870055620835,14.37958365459215,46.86342511375593,0.4676101676101676,0.036355571358648954,0.4808080808080808,58.7,15.041054927541927,55.0,11.7,1.766981104093143,11.0,1.2695795004395154,0.08839338804758377,1.2521817410985627,1.9027743126311776,0.2745390349072752,1.797825615285285,33.90370383222501,50.34512564918539,0.4446953046953047,0.48737373737373735,50.294999999999995,67.6,10.7,12.8,1.2177364107990507,1.3211975399680904,1.7508650501262248,2.064356831883229
minimal_pair,8,6,47.66122071753829,15.802959484600565,41.82294647649586,0.46924686424686424,0.01870391147253723,0.47525252525252526,59.7,18.012649876005348,52.5,11.7,1.766981104093143,11.0,1.2089743984849144,0.14717884872023484,1.1753962188959122,1.4380031810475449,0.27927881399593757,1.3827801162933107,38.8608570981464,57.66900482461673,0.45748971861471865,0.47868697968697965,49.4,70.10499999999999,10.7,12.8,1.1234743531585818,1.2932985185185366,1.2656669154595857,1.5964395649122607
minimal_pair,8,7,22.073575299430672,12.499400315500822,22.75749924203018,0.38588356088356085,0.05770992221466914,0.4,47.4,8.248905651323964,44.5,11.7,1.766981104093143,11.0,0.8713046983765178,0.04293247373268272,0.8655452052752177,1.5564167742439667,0.17877009497076463,1.5358098452657638,14.77121661375654,29.39248744630128,0.3494966561216561,0.41672551060051055,42.5,52.3,10.7,12.8,0.8438690259004205,0.8960716942961128,1.444516198654719,1.6585356958545066
minimal_pair,8,8,57.504483384713296,14.391018820067345,55.179454693371625,0.49721611721611725,0.0048046048966000985,0.5,63.5,20.189381147303923,55.0,11.7,1.766981104093143,11.0,1.341595454173131,0.1439712703046479,1.32350377982313,1.6848192198389078,0.22671905045552374,1.682571458129809,48.07163919088919,66.10604362215925,0.49424542124542126,0.5,52.2,75.9025,10.7,12.8,1.2573500372641768,1.4276610757551755,1.5416236557028955,1.8174325010379666
minimal_pair,8,9,51.38964689717005,17.180372434808643,46.12209469335343,0.4988888888888889,0.0035136418446315393,0.5,63.9,21.015602669339643,55.0,11.7,1.766981104093143,11.0,1.41791998433642,0.1286521131211379,1.408828637816689,1.81454701987145,0.1629764149272253,1.8495352163605818,41.28807681573262,61.66052465609159,0.4966666666666667,0.5,52.097500000000004,76.8025,10.7,12.8,1.3428365195310779,1.494363587307055,1.7164221498488,1.9085455905072197
minimal_pair,8,10,52.795968385056234,15.894175526873733,46.1116925853503,0.49748418248418247,0.004486275503752071,0.5,63.6,20.543720316545503,55.0,11.7,1.766981104093143,11.0,1.403655001423192,0.13600862215465798,1.3942619740962985,1.7696531628205707,0.2281865409990264,1.7759019077853835,44.16094050566899,62.543974123330145,0.4946386946386946,0.4995357142857143,52.1,76.205,10.7,12.8,1.321884652690153,1.4838229449515252,1.6151403665856756,1.901871157754214
minimal_pair,8,11,52.96958053522483,14.898042737197178,50.06230051537433,0.4783627483627484,0.017123994515038963,0.4797979797979798,61.0,19.316084259267225,54.0,11.7,1.766981104093143,11.0,1.2790416869970707,0.15315408315081075,1.245744582378503,1.4943201094525471,0.2871677012588318,1.4752563049329286,45.03755761038188,61.77924811176416,0.46842735042735045,0.4872871572871573,50.097500000000004,72.7,10.7,12.8,1.186471418045085,1.3661707499038285,1.3177688080187329,1.658020947174511
minimal_pair,11,0,47.76823849703728,15.518135259385112,41.38789929005005,0.5,0.0,0.5,64.0,20.912516188477497,55.0,11.7,1.766981104093143,11.0,1.4806720940116533,0.13262621227410032,1.4457788318395615,1.8695888774015625,0.16188958330237943,1.832714164993512,39.16350480370933,57.438222765582324,0.5,0.5,52.3,76.9025,10.7,12.8,1.4047422458730088,1.5576847374392793,1.7734629457351923,1.9668470976885557
minimal_pair,11,1,50.879293925415354,15.729487537333114,43.74233100080438,0.49824175824175826,0.004165028279724402,0.5,63.7,20.553723642093555,55.0,11.7,1.766981104093143,11.0,1.4193962006101017,0.13409613780556484,1.4092552548105066,1.7746783031941937,0.1220696763801046,1.76999967876567,42.12272803591369,60.227026484810644,0.4956776556776557,0.5,52.2,76.30499999999999,10.7,12.8,1.3408216690296821,1.493759126842409,1.701487031549586,1.8461020436458757
minimal_pair,11,2,58.21808953311959,18.379616866993967,50.83175789045845,0.4954639804639805,0.005215149669740575,0.4976190476190476,63.4,20.694604771936735,55.0,11.7,1.766981104093143,11.0,1.294153975651424,0.13339453791283382,1.2909822588165603,1.4484718057619275,0.20286401492794812,1.508702214851436,48.50685450121211,69.05452389016266,0.49226436063936063,0.4982900432900433,51.8,76.2,10.7,12.8,1.2120792583179851,1.3706267764539795,1.3227229404860903,1.55874664033637
minimal_pair,11,3,53.753337398578495,20.203634872415154,48.08989458111651,0.4964835164835165,0.008330056559448785,0.5,63.4,20.211108056929707,55.0,11.7,1.766981104093143,11.0,1.389911339644329,0.09074250108024151,1.3898040473461153,1.8136567677151496,0.1684456427195903,1.7755423041121063,42.98620613006338,65.78450316816028,0.4913553113553113,0.5,52.0,75.7025,10.7,12.8,1.3369003557551005,1.4440725124090437,1.7188259525488396,1.9087273542485985
minimal_pair,11,4,52.21124574112032,16.89080267918257,43.9798559830741,0.4990476190476191,0.0030116930096841933,0.5,63.8,20.481970391324932,55.0,11.7,1.766981104093143,11.0,1.4264660735791392,0.12250401643335283,1.41298169195652,1.765739581393018,0.18653836155701975,1.776216059279938,43.227579505544824,62.23162345467576,0.49714285714285716,0.5,52.3,76.4025,10.7,12.8,1.348726284611255,1.4981079235678094,1.6357682362420518,1.8735257135179109
minimal_pair,11,5,55.57566389164516,16.187236083404407,48.50951439906775,0.49312742812742816,0.00787144462608159,0.4954545454545455,63.2,21.05970349057914,54.5,11.7,1.766981104093143,11.0,1.3516534859845133,0.14528695209067705,1.3225945651531221,1.6397963678253231,0.21816895158194557,1.6655015993552307,46.901666890003156,65.95860563693377,0.4882726301476301,0.4972853535353535,51.5,76.10749999999999,10.7,12.8,1.2642020341555276,1.434894641926794,1.4888147482899925,1.759219212802066
minimal_pair,11,6,59.05377389716521,17.662105045653735,53.82699546772308,0.4976068376068376,0.005061291849846733,0.5,63.7,20.875557211458784,55.0,11.7,1.766981104093143,11.0,1.289170696938927,0.13257034914459953,1.2609865207563749,1.4475596672159186,0.20371352842116372,1.3919402729259667,49.210152025182026,69.10235373939973,0.49410256410256415,0.5,52.0,76.5075,10.7,12.8,1.2187665910321204,1.3746802526022008,1.3294692441613647,1.5872613490243426
minimal_pair,11,7,53.39064837332029,16.051277642808092,48.80461887860051,0.5,0.0,0.5,64.0,20.912516188477497,55.0,11.7,1.766981104093143,11.0,1.3999945988605735,0.1404254921994985,1.330321380164888,1.7218608548199064,0.18914683702652127,1.6559371947431987,43.81605406412251,63.45249474943497,0.5,0.5,52.3,76.9025,10.7,12.8,1.3245589966163531,1.4818377462407757,1.6129264052161465,1.8342606413748554
minimal_pair,11,8,57.39250416193263,17.14572487761176,51.121883179084165,0.4948601398601398,0.00931695699365082,0.5,63.3,20.74206675655378,55.0,11.7,1.766981104093143,11.0,1.335915082893304,0.15130605622738819,1.3097407162189483,1.7311756019083007,0.32710474532380746,1.7279187117047372,48.10351918053249,67.93719302879035,0.4886710372960372,0.5,51.8,76.2,10.7,12.8,1.251301283762687,1.425881001983017,1.5377162958546289,1.91491609064246
minimal_pair,11,9,56.1470991572596,18.31799553026186,50.6356660428915,0.49363247863247867,0.011541890384273461,0.5,63.3,21.1294949195563,55.0,11.7,1.766981104093143,11.0,1.3262451290318804,0.13232612878623418,1.3005972743034362,1.5842759003766154,0.18362990451965425,1.5747100055091225,45.67133214037212,67.74687766836786,0.48555555555555563,0.5,51.4,76.30499999999999,10.7,12.8,1.2504278667537982,1.400348594656023,1.4782521496813696,1.6890803384527304
minimal_pair,11,10,47.5722842195357,21.994647598263676,46.97619001643713,0.4790442890442891,0.027579309083021267,0.5,61.5,21.313793134441784,55.0,11.7,1.766981104093143,11.0,1.3308152780794404,0.1444639268063071,1.3113591087361178,1.6830853750113668,0.2002054410227528,1.6373699773539112,34.610616852324895,61.25623266358517,0.46243065268065264,0.49444444444444446,49.794999999999995,74.4,10.7,12.8,1.2442701543499834,1.4140233326525915,1.5642789260558088,1.8063162740053944
minimal_pair,11,11,52.61955009880448,16.786541873331533,49.23305918755088,0.4917959817959818,0.0127555988974036,0.5,62.8,20.087585995114274,55.0,11.7,1.766981104093143,11.0,1.3521491366272855,0.11907103483275511,1.3688039696878858,1.787405360739341,0.13836555842390272,1.7470425207123386,43.75462718866283,62.889921457291635,0.4839938394938395,0.4981915584415585,51.4975,75.1,10.7,12.8,1.2721836907200066,1.4221664946192838,1.7075466556828014,1.880827315595159
semantic_abstract,8,0,33.70859493107351,3.584252453942733,34.62295004076011,0.4988888888888889,0.0035136418446315492,0.5,42.2,4.289522117905444,45.0,9.7,0.48304589153964805,10.0,1.2796133755395809,0.06613541552166508,1.2969625062412686,1.6450282574818516,0.09879995003210774,1.6856099967346383,31.466229015410214,35.67086140059443,0.4966666666666667,0.5,39.6,44.7,9.4,10.0,1.2398760104893396,1.3137084422508873,1.5858327360305693,1.6959145683547059
semantic_abstract,8,1,30.63640360111993,14.321306714609722,33.50181826311322,0.4772222222222222,0.01997941327297954,0.48194444444444445,40.3,3.7727090178455756,42.0,9.7,0.48304589153964805,10.0,1.069605256492893,0.07086836439016916,1.093336740301715,1.290099790488141,0.12294044588237281,1.2668496877791098,21.543296390003302,38.54414861321865,0.46416666666666667,0.48861805555555554,38.0,42.4,9.4,10.0,1.0244031505162516,1.1100152190753982,1.2154882745950581,1.367152295815841
semantic_abstract,8,2,33.19655989515868,4.716240201127051,34.80444794194803,0.5,0.0,0.5,42.3,4.347413023856831,45.0,9.7,0.48304589153964805,10.0,1.287824558466673,0.042059627862353975,1.2906394468413458,1.657146962822715,0.10367090950045872,1.6793551214856781,30.379688516358687,35.67692845239352,0.5,0.5,39.6,45.0,9.4,10.0,1.2637205482646823,1.3102928387249508,1.5955086172935606,1.7093520140277845
semantic_abstract,8,3,38.09475352661297,3.6340221580240963,37.5787540794705,0.49777777777777776,0.0046848557928420315,0.5,42.1,4.228212125447086,44.5,9.7,0.48304589153964805,10.0,1.2152304012328385,0.06889054124676838,1.223144378927019,1.513045258061182,0.11209405666101861,1.5061126571114343,36.09541342946308,40.38146924404452,0.49444444444444446,0.5,39.5,44.5,9.4,10.0,1.1763236124037455,1.2529341577324602,1.4531180124977927,1.5760253798068133
semantic_abstract,8,4,44.40089419480195,13.106552342327193,46.445028348046094,0.48638888888888887,0.018723403633458296,0.49444444444444446,41.1,4.067486256208426,42.5,9.7,0.48304589153964805,10.0,1.0191078220804533,0.07680348074389982,1.0435582672556243,1.4313424347487749,0.16165716827768703,1.5105259137875588,35.30543214627422,51.23057657171352,0.4752569444444444,0.49527777777777776,38.7,43.4,9.4,10.0,0.9706543816667464,1.06414777988361,1.3254467754958008,1.5184717204919993
semantic_abstract,8,5,37.05720006316796,4.47865475584601,37.50888442693412,0.4988888888888889,0.0035136418446315492,0.5,42.2,4.289522117905444,45.0,9.7,0.48304589153964805,10.0,1.209504454748498,0.07099394451037118,1.245924515856637,1.502612005178885,0.16372841772849256,1.5473381528819927,34.513701927971866,39.77703270885497,0.4966666666666667,0.5,39.6,44.7,9.4,10.0,1.1702328195112446,1.2491743435296747,1.4048011263015916,1.5847168787629593
semantic_abstract,8,6,37.105264638357035,7.318135718326888,36.049029020514055,0.49416666666666664,0.008119689358664346,0.5,41.8,4.289522117905442,44.0,9.7,0.48304589153964805,10.0,1.1792614890469446,0.05991500768727954,1.1637001881996791,1.4658944184133265,0.09532581487538562,1.4748314075316555,32.90449919906074,41.322097559244334,0.48916666666666664,0.4988888888888889,39.2,44.1025,9.4,10.0,1.1461516403779386,1.214311883619262,1.4094134897966495,1.5205597071185983
semantic_abstract,8,7,1.0454592606394886,23.071567369596195,8.153038258643928,0.4311111111111111,0.03306994706946102,0.4333333333333333,36.4,4.033195589934447,36.0,9.7,0.48304589153964805,10.0,0.8747964380515946,0.0727767549418898,0.882045107583205,1.2666430790497,0.11276707994640445,1.2965697406716128,-12.487054357852829,13.787543548532307,0.41222222222222216,0.45028472222222216,34.0,38.7,9.4,10.0,0.8319711909567318,0.9171241078153252,1.198754978551112,1.3265006222577183
semantic_abstract,8,8,36.09159604521868,5.880436166001807,36.15620844107791,0.4880555555555556,0.00997682499781555,0.4888888888888889,41.3,4.4234225060089685,43.5,9.7,0.48304589153964805,10.0,1.1892773381951782,0.06244876357855746,1.196300208568573,1.5202657156505084,0.10537736749838453,1.5369997950153056,32.90943280957733,39.61071604283442,0.48277777777777775,0.49388888888888893,38.7,43.7,9.4,10.0,1.1503063515687568,1.2236088006053538,1.4560960186624896,1.5832937628358421
semantic_abstract,8,9,37.041940767089756,4.979929308547168,36.76100719646123,0.5,0.0,0.5,42.3,4.347413023856831,45.0,9.7,0.48304589153964805,10.0,1.213656166692575,0.0770858293895251,1.2129067352248564,1.4679847362968204,0.2106442176176814,1.561916859277631,34.0614561900082,39.93438361438603,0.5,0.5,39.6,45.0,9.4,10.0,1.1681655167270866,1.2550739273594484,1.3456494056343218,1.5822149814584605
semantic_abstract,8,10,37.62249771293051,5.879731381260488,38.286488338891914,0.5,0.0,0.5,42.3,4.347413023856831,45.0,9.7,0.48304589153964805,10.0,1.231247909491261,0.050984426470623255,1.2448275826043553,1.60968706760951,0.07995711885336425,1.6046639310036412,34.34896236974569,41.124373530949896,0.5,0.5,39.6,45.0,9.4,10.0,1.1993709616218176,1.2588938013836741,1.5648822408761254,1.658754348838272
semantic_abstract,8,11,35.82560313980362,5.6960636014680155,35.302063460317015,0.4905555555555556,0.010409977275966811,0.4888888888888889,41.5,4.352521619066865,44.0,9.7,0.48304589153964805,10.0,1.2007968361179036,0.09092298671382654,1.1910808715555405,1.5401771639026491,0.13501457608221779,1.553604960850908,32.833395306667015,39.39681976449492,0.4836111111111111,0.4963888888888889,38.9975,43.802499999999995,9.4,10.0,1.1448573622811173,1.254398837313056,1.4612843017457553,1.6244155991579243
semantic_abstract,11,0,33.442062197842716,5.003472130470987,34.7101407192703,0.5,0.0,0.5,42.3,4.347413023856831,45.0,9.7,0.48304589153964805,10.0,1.2869643602934149,0.03989298834645811,1.2878771175940833,1.6352402306760467,0.09684301710171904,1.6229334630011534,30.47336913290233,36.25567958650565,0.5,0.5,39.6,45.0,9.4,10.0,1.2626422574826413,1.3104698889806037,1.5789081783557541,1.6950926519706373
semantic_abstract,11,1,37.07588154081604,6.544657943163937,39.12761752472025,0.5,0.0,0.5,42.3,4.347413023856831,45.0,9.7,0.48304589153964805,10.0,1.2406791003213988,0.04028576713065001,1.2399491866429648,1.6150483341454116,0.100946275732508,1.618021008195402,33.39478948677778,40.83355755893705,0.5,0.5,39.6,45.0,9.4,10.0,1.2187121520522566,1.2647249345357219,1.55554251292339,1.672520724642731
semantic_abstract,11,2,35.514396468413096,5.125093887609855,37.36989162648365,0.5,0.0,0.5,42.3,4.347413023856831,45.0,9.7,0.48304589153964805,10.0,1.2576741798884339,0.036634549551142995,1.2594333986441295,1.573926356015294,0.09855252480673675,1.582753215379559,32.386788441212516,38.36762903740163,0.5,0.5,39.6,45.0,9.4,10.0,1.2365107121380665,1.278685866838528,1.5159139706993017,1.629442849165025
semantic_abstract,11,3,36.88833885430839,5.818206090246357,36.7227543753192,0.5,0.0,0.5,42.3,4.347413023856831,45.0,9.7,0.48304589153964805,10.0,1.2454178675181335,0.054730145621533846,1.2457025349140167,1.626674676104671,0.10640280725744468,1.6241961501390252,33.69518430816422,40.490384908037086,0.5,0.5,39.6,45.0,9.4,10.0,1.2161934887265995,1.2785960188839172,1.5636542145224306,1.689291807218828
semantic_abstract,11,4,33.44501945526834,5.66016870530997,34.54076556685516,0.5,0.0,0.5,42.3,4.347413023856831,45.0,9.7,0.48304589153964805,10.0,1.286655853688717,0.040995377653607265,1.29140055924654,1.6139944824864663,0.09367739671150664,1.6191441838649947,30.20902400919077,36.62194675417418,0.5,0.5,39.6,45.0,9.4,10.0,1.2633053521667088,1.3097351103338102,1.5568034961619261,1.662501659157865
semantic_abstract,11,5,39.24529835883415,7.339154845948166,39.84864366633864,0.4966666666666667,0.007499428419006139,0.5,42.0,4.189935029992178,44.5,9.7,0.48304589153964805,10.0,1.1954939684934085,0.052933363240125424,1.1891419709556632,1.5345965587043229,0.08187133231225643,1.5324848999381915,34.82515860198164,43.65477939139596,0.49111111111111116,0.5,39.4,44.4,9.4,10.0,1.1635759166503947,1.2311757874799272,1.4868120815472659,1.5796438056508275
semantic_abstract,11,6,35.67619178411134,4.422789376158844,37.291897451284385,0.5,0.0,0.5,42.3,4.347413023856831,45.0,9.7,0.48304589153964805,10.0,1.2314083486795426,0.05683492120559927,1.2469320131672754,1.4656941834620276,0.14272192874296746,1.4918552814320836,32.907277786052994,38.20239358907568,0.5,0.5,39.6,45.0,9.4,10.0,1.1970624889536863,1.2633580051693651,1.3782475561825216,1.545598673940436
semantic_abstract,11,7,36.96533648972916,6.148681146049575,37.731452734212986,0.4966666666666667,0.010540925533894598,0.5,42.0,4.242640687119285,45.0,9.7,0.48304589153964805,10.0,1.2200511013054185,0.0379588014201535,1.22393227285809,1.5942686326565492,0.07547264607477443,1.5944410433933844,33.554393748895826,40.504973269553425,0.49000000000000005,0.5,39.6,44.4,9.4,10.0,1.1978808410641635,1.2404889279428042,1.552544311029528,1.6362715845996858
semantic_abstract,11,8,37.373586202118446,6.4074913779955605,38.09658050333457,0.49416666666666664,0.008119689358664361,0.5,41.8,4.289522117905443,44.0,9.7,0.48304589153964805,10.0,1.1990864290545384,0.058269400994852186,1.190860761122571,1.4952450425742279,0.08868389610957202,1.5010533864294757,33.567887129570956,41.34335730143944,0.4894444444444444,0.49861111111111106,39.2,44.2,9.4,10.0,1.1654774946843585,1.2340215430305235,1.4455862884277597,1.54637365113448
semantic_abstract,11,9,41.11856005100285,7.003477674541144,39.664959828534506,0.495,0.010621948444222214,0.5,41.9,4.605552204797066,45.0,9.7,0.48304589153964805,10.0,1.158006238689025,0.07693447257099768,1.149937726971176,1.4631152571251853,0.1499767176823892,1.4693461475127307,37.30539030566168,45.50634191374633,0.48831944444444453,0.5,39.2,44.6,9.4,10.0,1.1122248124000098,1.2043145512686007,1.3755337819120916,1.5586059826661753
semantic_abstract,11,10,34.699364751006144,4.878625953305911,33.607229425526796,0.49333333333333335,0.01405456737852615,0.5,41.7,4.110960958218894,44.0,9.7,0.48304589153964805,10.0,1.2172535486933258,0.04642175720122361,1.2129583855470023,1.5660668837933784,0.08224371611898412,1.5751756935263121,32.04799041620433,37.54882176180127,0.4844444444444444,0.4988888888888889,39.3,44.0,9.4,10.0,1.1908333459020488,1.2460947988182307,1.5131293665081758,1.6112199252568575
semantic_abstract,11,11,37.22109324885109,5.444262001181626,37.47644637882066,0.49444444444444446,0.009442628728875517,0.5,41.8,4.077035960378843,43.5,9.7,0.48304589153964805,10.0,1.1813082817527982,0.04012296904335407,1.1933307680818768,1.5130523914364131,0.09643465082209088,1.5274709693829394,33.98398180920739,40.62416833328932,0.4877777777777778,0.4988888888888889,39.3975,44.1,9.4,10.0,1.1554139956128264,1.2054703561071722,1.4526125976932487,1.5697434680636584
structured_nonlogical,8,0,43.19677246807892,8.251183049477627,44.893743385342376,0.4992424242424242,0.0023956648940669694,0.5,54.1,7.549098548097573,55.0,10.9,0.7378647873726217,11.0,1.381379750599765,0.040727630966130114,1.3639033834139505,1.774562324492263,0.07923443004933914,1.7531869434985228,38.30680060091954,47.917605254132155,0.4977272727272727,0.5,50.0,58.3,10.5,11.3,1.360942234729727,1.4070977856695952,1.7360666237127365,1.8243758032388169
structured_nonlogical,8,1,41.28597396271124,13.382873780685792,40.42769607032719,0.4735353535353535,0.01412978518168126,0.4727272727272727,51.3,7.318925239860472,51.0,10.9,0.7378647873726217,11.0,1.146975584665332,0.09074761732766848,1.1316733161608377,1.4396387123639216,0.1443294271532353,1.4203881891598207,33.923361826385495,49.18532313476053,0.46555429292929285,0.48171717171717165,47.4,55.7025,10.5,11.3,1.097762444873651,1.2008378725087252,1.3535017653381154,1.5240570155624764
structured_nonlogical,8,2,41.44558082310841,10.290576735754655,39.88938340706869,0.4988888888888889,0.0035136418446315367,0.5,54.1,7.852105167122735,55.0,10.9,0.7378647873726217,11.0,1.3868763012235816,0.07053530237752391,1.3911343766884372,1.7653301225175695,0.09171457473098434,1.7786596796793126,36.0220160144545,47.858868098561594,0.4966666666666667,0.5,49.9,58.4,10.5,11.3,1.3449825595253042,1.4267001918901998,1.7095589244462315,1.8164668008900207
structured_nonlogical,8,3,47.16686966106148,11.883049414736961,47.947971403944464,0.4806565656565656,0.024319520599300964,0.4898989898989899,52.1,8.06156863698926,50.5,10.9,0.7378647873726217,11.0,1.203373985368796,0.1084199237280724,1.1748109923468695,1.4753978752876187,0.2103183822414255,1.486584347575608,40.119320890438324,53.756521221620254,0.46706944444444437,0.4931919191919192,48.0,57.0025,10.5,11.3,1.1502609261506134,1.2724274937135704,1.36717644139293,1.6030110250142393
structured_nonlogical,8,4,27.307386772985932,22.886534709376825,19.889608459049768,0.46459595959595956,0.026445930702738617,0.4621212121212121,50.3,7.16550378162237,50.0,10.9,0.7378647873726217,11.0,1.0825320244527827,0.08081740694940749,1.0873777836561203,1.4927561642680909,0.07940983066081791,1.4951252928152443,13.851350112068454,39.509847290798746,0.44949242424242414,0.4796502525252525,46.4975,54.4,10.5,11.3,1.037794111109066,1.1300135846770172,1.4441979946690646,1.5387619429328097
structured_nonlogical,8,5,52.10579797793041,8.686383477965956,53.30147673211002,0.49727272727272726,0.006135895979186845,0.5,53.9,7.7093017409706635,54.5,10.9,0.7378647873726217,11.0,1.2434970924529163,0.09825481779107473,1.2543475661012862,1.6342195995614222,0.19773590367031518,1.5910052436017983,46.962262082884436,56.95373171093388,0.49363636363636365,0.5,49.9,58.3,10.5,11.3,1.189581155318052,1.3011985787978075,1.533693723899622,1.7548750698259667
structured_nonlogical,8,6,35.90535701433811,16.989216757322648,40.875482007082795,0.46878787878787875,0.02614885136808444,0.4797979797979798,50.9,8.033955715862792,54.0,10.9,0.7378647873726217,11.0,1.1657884336511293,0.11268953392593163,1.1499719962477684,1.5832906884741909,0.17567797855696557,1.610640857053793,25.243416104870224,45.59390433872527,0.45217171717171717,0.4831363636363637,46.1,55.302499999999995,10.5,11.3,1.0979192876784187,1.2351674122568785,1.484881067399437,1.6792875519848054
structured_nonlogical,8,7,3.3999754916198257,16.20945061907131,5.1896669350997255,0.37146464646464644,0.037074705362719056,0.37525252525252517,40.1,5.952590472502987,39.5,10.9,0.7378647873726217,11.0,0.8486916455235145,0.07076299071005868,0.8415808498859405,1.397895720258855,0.13425472119464987,1.3791908010619731,-6.609845478343176,13.92787725225692,0.35024873737373735,0.3923775252525252,36.8975,43.802499999999995,10.5,11.3,0.809496297421931,0.891635235604388,1.325517395763479,1.4841133005747438
structured_nonlogical,8,8,49.87702251136801,10.41573610860733,45.099982259651966,0.4883838383838384,0.00888914396124181,0.4898989898989899,52.9,7.279346735036662,53.5,10.9,0.7378647873726217,11.0,1.215403178746652,0.10082896494704312,1.213174342446857,1.5416544303494972,0.21274954527110734,1.5914303641124201,44.47871357162576,56.45808867136286,0.48302904040404043,0.49358712121212117,48.9,56.9,10.5,11.3,1.1544847236320828,1.2689698189718255,1.3981627030775692,1.639463142543956
structured_nonlogical,8,9,47.972550271522074,8.335671035213371,45.54070042141803,0.49909090909090914,0.0028747978728803462,0.5,54.1,7.709301740970665,55.0,10.9,0.7378647873726217,11.0,1.2798437554246247,0.0897088601788191,1.279620224237442,1.7297316569842949,0.21674807416910033,1.7266989897071703,43.65399171879606,53.07419861541032,0.49727272727272726,0.5,50.0,58.4,10.5,11.3,1.22878463682442,1.3301012274677104,1.6079305708872256,1.842896245012077
structured_nonlogical,8,10,44.397353752506774,10.498403277888668,42.3588579815542,0.49358585858585863,0.008682854761316026,0.4962121212121212,53.5,7.67752853752068,54.0,10.9,0.7378647873726217,11.0,1.2632079837779806,0.08952543343480279,1.2750998298327128,1.7094253473883068,0.1613056869614471,1.7552392001142518,38.73783388409036,50.90479326404236,0.4887840909090909,0.497979797979798,49.5,57.902499999999996,10.5,11.3,1.213387358224151,1.3146649050105998,1.6123934436728347,1.8028237110614203
structured_nonlogical,8,11,50.57643345681879,7.084729067911871,52.46362294966626,0.49833333333333335,0.00353174418930245,0.5,54.0,7.542472332656507,55.0,10.9,0.7378647873726217,11.0,1.2702113301284386,0.0949890381531733,1.2457819289631313,1.5720519157388178,0.19637997328264326,1.579022095487006,46.205373161936755,54.72990897438671,0.4960606060606061,0.5,49.9975,58.2,10.5,11.3,1.2177010080570523,1.32693165089777,1.4671935645124592,1.6911082326421383
structured_nonlogical,11,0,40.20013410394311,6.191332192391674,41.62367043222906,0.4992424242424242,0.0023956648940669694,0.5,54.1,7.549098548097573,55.0,10.9,0.7378647873726217,11.0,1.4173562423207542,0.05693569491203615,1.4083733320236207,1.778241944932048,0.10892670120441297,1.7376087618644322,36.46630926341955,43.70651871494974,0.4977272727272727,0.5,50.0,58.3,10.5,11.3,1.3887350120178679,1.452662789655454,1.7230059918533525,1.8453881206144516
structured_nonlogical,11,1,46.45998710119692,5.8183251875865984,49.36825164539157,0.4956060606060606,0.004653595757490687,0.4962121212121212,53.7,7.513691207093592,54.0,10.9,0.7378647873726217,11.0,1.3311775289099625,0.09863578511126443,1.318234263194932,1.7396406939115192,0.11941597597109802,1.7244295682502522,42.91701973132803,49.66454714972176,0.49287878787878786,0.49833333333333335,49.7,58.0,10.5,11.3,1.2747127044235516,1.3891617911724432,1.6692798455714812,1.8111023495152145
structured_nonlogical,11,2,47.66146409221122,7.420866030103331,47.96851613545877,0.49106060606060603,0.013560394445614828,0.5,53.2,7.5836080536319335,52.5,10.9,0.7378647873726217,11.0,1.26628923490493,0.10896002069053536,1.2617540286646949,1.5359162618663222,0.167581773821774,1.4929856700749644,43.399213827876835,52.24157562569684,0.4821212121212121,0.4984848484848484,49.1,57.6,10.5,11.3,1.2077476509031322,1.3363465546845184,1.4479301067703176,1.6379920774310437
structured_nonlogical,11,3,48.781625909716865,4.652544950508109,48.694940934628576,0.49833333333333335,0.003531744189302433,0.5,54.0,7.542472332656505,55.0,10.9,0.7378647873726217,11.0,1.3025027460281295,0.1110169824362369,1.3157196521759034,1.6832004703151386,0.19841769108278443,1.7498463125034989,46.37813037390083,51.44893944351212,0.4957575757575758,0.5,49.9,58.2,10.5,11.3,1.237494039690254,1.360888315536759,1.5657148929362177,1.7948310964038119
structured_nonlogical,11,4,43.24527069508446,6.2835169280066845,42.72507775297684,0.4954545454545454,0.007725787141807246,0.5,53.7,7.703534542302284,53.5,10.9,0.7378647873726217,11.0,1.3577018006221213,0.07389789986033184,1.333949374159177,1.7522735447853315,0.0924235308749789,1.7199303184862038,39.79858531500147,46.7734600315307,0.4909090909090909,0.5,49.7,58.1025,10.5,11.3,1.3181444118453396,1.400306360896338,1.706156078061558,1.8109359307472972
structured_nonlogical,11,5,49.55665616382677,8.077476951098985,51.34594855750477,0.49651515151515146,0.008690685090727264,0.5,53.8,7.568942389058652,55.0,10.9,0.7378647873726217,11.0,1.2775313223461913,0.07269348129454395,1.2764523949888016,1.6120133781801667,0.04434603566371991,1.6168781714647424,44.903483397625614,54.277957123693376,0.49106060606060603,0.5,49.8,58.1,10.5,11.3,1.2340762602364024,1.3162222170506914,1.5847077473246471,1.636956668642644
structured_nonlogical,11,6,48.118550892454245,7.182768065427798,46.52584291892285,0.4918181818181818,0.010883809088526049,0.4954545454545455,53.3,7.703534542302282,53.0,10.9,0.7378647873726217,11.0,1.2550988463079087,0.09283881191429029,1.2230876551734076,1.473468224456662,0.1538136201053897,1.4515871936983604,44.21727039682881,52.35575565747324,0.48545454545454547,0.4981818181818182,49.4,58.0,10.5,11.3,1.2067171347853212,1.3111567291685127,1.392779631592862,1.572061874253838
structured_nonlogical,11,7,47.40393052663181,7.418887373927344,46.95852309275605,0.4937373737373737,0.007123420628475645,0.4954545454545455,53.5,7.501851623284599,54.0,10.9,0.7378647873726217,11.0,1.2975795624412672,0.08261542969377175,1.2614701271057127,1.705761565576855,0.09993737932065622,1.6820376136213917,43.304864828803844,51.92915434097942,0.4893939393939394,0.497979797979798,49.4,57.7025,10.5,11.3,1.2503519599062927,1.3471865609687086,1.6482621462843707,1.7661899497215021
structured_nonlogical,11,8,48.51993576345022,6.190043809292704,46.94409862490751,0.4955555555555556,0.00642295055091867,0.5,53.7,7.513691207093592,55.0,10.9,0.7378647873726217,11.0,1.2829874382657234,0.09551153150467315,1.276903438568115,1.6701642881271268,0.15142431276595406,1.6987257352684138,45.10506311909662,52.2374346596577,0.4914583333333333,0.4992424242424242,49.6,58.0,10.5,11.3,1.2299786505765384,1.3377675234588107,1.5813731363047763,1.7535272499143169
structured_nonlogical,11,9,46.15309707052102,14.489120486636665,49.31185798916127,0.486060606060606,0.017853374622453108,0.4954545454545455,52.7,7.888810641239488,52.5,10.9,0.7378647873726217,11.0,1.217853400556728,0.12831149123271526,1.1881669998168944,1.533804975835086,0.2227159075219141,1.5235094012228778,37.149415994712825,53.40065426103381,0.47514393939393934,0.4957575757575758,48.5,57.3,10.5,11.3,1.1489065254032613,1.2956147601441903,1.4123508625447017,1.658048178965935
structured_nonlogical,11,10,32.68632613172548,25.60451196362959,39.440903388747046,0.4691919191919191,0.03674509981349041,0.4906565656565656,50.8,8.189424074174365,46.0,10.9,0.7378647873726217,11.0,1.1868072782185943,0.13600495791451064,1.1131251891454061,1.5652325028704666,0.1790939001246683,1.5646295987056464,19.093587455238676,46.23236241941163,0.44918813131313123,0.488945707070707,46.6,55.802499999999995,10.5,11.3,1.1132872625679682,1.2689182274764912,1.4654462360278613,1.6711448965558273
structured_nonlogical,11,11,42.67107752920925,10.970875248413375,43.295378206580054,0.48813131313131314,0.014889713484925227,0.49166666666666664,52.9,7.723700897597961,52.5,10.9,0.7378647873726217,11.0,1.2274290981437221,0.09093524453413689,1.2206254035234452,1.6344859833505474,0.1709942970520999,1.6178954474454676,36.259194097708004,49.10536751786508,0.47868181818181815,0.49606313131313134,48.8,57.5,10.5,11.3,1.175349235204359,1.2817489793621226,1.5393025515351495,1.7258683451729055
