prompt_id,prompt_class,prompt_subtype,pair_id,prompt_text,layer,mean_forman_curvature_mean,mean_forman_curvature_std,density_mean,density_std,n_edges_mean,n_edges_std,lcc_size_mean,lcc_size_std,row_entropy_mean_mean,row_entropy_mean_std,avg_shortest_path_lcc_mean,avg_shortest_path_lcc_std
A01,descriptive_baseline,scene,,The tall man walked his big dog across the green city park.,0,25.771538199159405,37.58333881224734,0.3874458874458874,0.12917660868768302,51.142857142857146,17.051312346774154,12.0,0.0,1.0525369520311232,0.4745324508142918,1.5243097731957331,0.6408605062018276
A01,descriptive_baseline,scene,,The tall man walked his big dog across the green city park.,8,39.98106855470066,27.206668257192288,0.4053030303030303,0.10390542575285928,51.357142857142854,18.628378445707064,11.428571428571429,2.138089935299395,0.9999994603512681,0.41812506780883324,1.4420249999883425,0.5808128992145818
A01,descriptive_baseline,scene,,The tall man walked his big dog across the green city park.,15,47.87474769231181,31.915745614117657,0.461038961038961,0.08672669073102729,60.857142857142854,11.447923176495598,12.0,0.0,1.2482601017146917,0.3284509140985576,1.6926481730363814,0.4337312915065637
A01,descriptive_baseline,scene,,The tall man walked his big dog across the green city park.,23,26.023919173075456,52.281655374886164,0.4063852813852814,0.08656109307149445,53.642857142857146,11.426064285437267,12.0,0.0,0.8993240950943588,0.2830142549536822,1.0511671051423512,0.42877719824475535
A02,descriptive_baseline,scene,,The bright child carried a red kite across the empty field.,0,19.042365151509188,38.444236088085255,0.38636363636363635,0.13586154651701926,42.5,14.944770116872116,11.0,0.0,0.933563450404576,0.43951999384839374,1.2901940691135745,0.6186232046046355
A02,descriptive_baseline,scene,,The bright child carried a red kite across the empty field.,8,29.64403181001666,24.29183053211838,0.41818181818181815,0.10909090909090909,44.714285714285715,15.284122336738724,10.571428571428571,1.6035674514745464,1.0050672258649553,0.40818592411692867,1.3758912133216779,0.544433628108575
A02,descriptive_baseline,scene,,The bright child carried a red kite across the empty field.,15,43.97963124824071,22.322918133155515,0.47337662337662334,0.0867191274498401,52.07142857142857,9.53910401948241,11.0,0.0,1.2314365931919642,0.30296991566450954,1.5587403610106254,0.40344969654134755
A02,descriptive_baseline,scene,,The bright child carried a red kite across the empty field.,23,29.98140733989727,40.139739606820264,0.422077922077922,0.07182254441156075,46.42857142857143,7.90047988527168,11.0,0.0,0.8897882870265416,0.1683812454363645,1.0923557576748757,0.2400161021653773
A03,descriptive_baseline,scene,,The old woman placed a warm loaf beside the wooden table.,0,12.350478204600535,48.785779650049776,0.39155844155844155,0.12209572212780767,43.07142857142857,13.43052943405884,11.0,0.0,0.9508168901715959,0.43007185911387674,1.31192856148824,0.6174074182069339
A03,descriptive_baseline,scene,,The old woman placed a warm loaf beside the wooden table.,8,27.587226398618842,25.445174161354178,0.41623376623376623,0.10674509157957922,44.5,15.06268951364979,10.571428571428571,1.6035674514745464,0.9742958613804408,0.38929794649600113,1.3233812992181304,0.5688822641414895
A03,descriptive_baseline,scene,,The old woman placed a warm loaf beside the wooden table.,15,42.86331237553371,31.20081077332283,0.4714285714285714,0.08368933734785675,51.857142857142854,9.20582710826424,11.0,0.0,1.181986781529018,0.2882874894160629,1.493683303254087,0.3752877600557508
A03,descriptive_baseline,scene,,The old woman placed a warm loaf beside the wooden table.,23,25.442759576161766,38.13705993481519,0.411038961038961,0.06952555329571489,45.214285714285715,7.647810862528636,11.0,0.0,0.8654275349208287,0.203050319839226,1.1341858039309967,0.28123946486906926
A04,descriptive_baseline,scene,,The young artist sketched a blue bird beside the quiet river.,0,28.634639544974767,41.572885564108645,0.3852813852813853,0.12200560297828307,50.857142857142854,16.104739593133363,12.0,0.0,1.001271879518187,0.4363967525312675,1.4167027863414716,0.6137745500404452
A04,descriptive_baseline,scene,,The young artist sketched a blue bird beside the quiet river.,8,32.40770619475737,24.734815309539282,0.38852813852813856,0.12281963528660854,51.285714285714285,16.212191857832327,12.0,0.0,1.0215921773538963,0.4163756993724961,1.4870455339557027,0.5841058490433747
A04,descriptive_baseline,scene,,The young artist sketched a blue bird beside the quiet river.,15,45.61070346708375,29.55583973754991,0.45779220779220775,0.08722702025805146,60.42857142857143,11.51396667406279,12.0,0.0,1.2174627130681819,0.30831831637055335,1.8024308591809164,0.4379437753478675
A04,descriptive_baseline,scene,,The young artist sketched a blue bird beside the quiet river.,23,16.09957200687475,39.54973515237801,0.35714285714285715,0.08682844000512419,47.142857142857146,11.461354080676392,12.0,0.0,0.8139562730665331,0.22136909812806232,1.133636141137533,0.3010703316793037
A05,descriptive_baseline,scene,,The tired farmer pushed a small cart along the dusty road.,0,19.36856870914308,40.14640467264042,0.4012987012987013,0.11879117476585664,44.142857142857146,13.067029224244228,11.0,0.0,0.9534442901611327,0.4197971838244377,1.2940644860632786,0.5735285657936176
A05,descriptive_baseline,scene,,The tired farmer pushed a small cart along the dusty road.,8,7.715426582948457,104.88173859989382,0.41926406926406923,0.11950787425690718,45.92857142857143,13.646438169913596,10.928571428571429,0.2672612419124242,1.0019627162388394,0.37930852532231296,1.367677831494137,0.5550661105833791
A05,descriptive_baseline,scene,,The tired farmer pushed a small cart along the dusty road.,15,42.98375264320707,30.778346926272654,0.4707792207792208,0.08363777525629734,51.785714285714285,9.200155278192709,11.0,0.0,1.1669041224888392,0.28863420571947596,1.4279281459449678,0.42569754954513384
A05,descriptive_baseline,scene,,The tired farmer pushed a small cart along the dusty road.,23,32.99641551150613,33.08146417568772,0.4175324675324675,0.06844604147758657,45.92857142857143,7.529064562534523,11.0,0.0,0.880401611328125,0.2135818685092996,1.0901074225114535,0.309304759524267
A06,descriptive_baseline,scene,,The calm sailor watched the gray waves beyond the narrow dock.,0,15.275929975142365,38.83476398932487,0.3837662337662337,0.13179664986566034,42.214285714285715,14.497631485222637,11.0,0.0,0.9346165520804268,0.4281170261946974,1.2886978716380164,0.5723221533011154
A06,descriptive_baseline,scene,,The calm sailor watched the gray waves beyond the narrow dock.,8,11.699755995657464,57.597272250891955,0.40438311688311684,0.11946075160604115,44.0,14.416870459505205,10.785714285714286,0.8017837257372731,0.9962216124242665,0.4118853293350187,1.552619409713077,0.3826194057655621
A06,descriptive_baseline,scene,,The calm sailor watched the gray waves beyond the narrow dock.,15,40.162117775614206,21.73031517813734,0.4577922077922078,0.08412498971884465,50.357142857142854,9.253748869072908,11.0,0.0,1.1388872419084823,0.28675361816293954,1.508956112440112,0.39816950749192437
A06,descriptive_baseline,scene,,The calm sailor watched the gray waves beyond the narrow dock.,23,-14.099535752156081,45.993526958687355,0.3357142857142857,0.09328805376567915,36.92857142857143,10.261685914224708,11.0,0.0,0.6685005732945033,0.2496690898098342,0.7428199704164978,0.3377929106621931
A07,descriptive_baseline,scene,,The careful baker stirred the sweet cream inside the copper bowl.,0,14.712580212506067,44.26491009574586,0.39155844155844155,0.12052356042217516,43.07142857142857,13.257591646439268,11.0,0.0,0.954946790422712,0.43638121647370687,1.336119606177262,0.59775974683203
A07,descriptive_baseline,scene,,The careful baker stirred the sweet cream inside the copper bowl.,8,19.91032834292628,51.561020323715546,0.41038961038961036,0.12621222215155756,45.0,14.266690630221905,10.928571428571429,0.2672612419124242,0.9960819789341517,0.38859382027344236,1.4012768183123125,0.44625365915096404
A07,descriptive_baseline,scene,,The careful baker stirred the sweet cream inside the copper bowl.,15,40.603193736666704,31.305950963571078,0.46948051948051944,0.08321321527958447,51.642857142857146,9.153453680754291,11.0,0.0,1.1490386962890626,0.281410408215262,1.373541967865707,0.39477327724293587
A07,descriptive_baseline,scene,,The careful baker stirred the sweet cream inside the copper bowl.,23,9.847289243624918,26.764230400451083,0.3675324675324675,0.0778537829251538,40.42857142857143,8.563916121766919,11.0,0.0,0.7553875514439173,0.19836679519762074,0.9319161204423531,0.20086421331943036
A08,descriptive_baseline,scene,,The lonely student opened a worn book beneath the yellow lamp.,0,7.928897687177149,50.10106245796608,0.39740259740259737,0.11649842343479055,43.714285714285715,12.81482657782696,11.0,0.0,0.9719757080078125,0.41964201882711405,1.355168182953431,0.5770792289101232
A08,descriptive_baseline,scene,,The lonely student opened a worn book beneath the yellow lamp.,8,20.78644183913853,40.40855408991495,0.4151515151515151,0.114684367119477,44.857142857142854,14.69619073018658,10.714285714285714,1.069044967649698,1.0166257828000993,0.40770739256728517,1.4215193359402438,0.5637584237071324
A08,descriptive_baseline,scene,,The lonely student opened a worn book beneath the yellow lamp.,15,38.753594474447326,31.943802939123383,0.461038961038961,0.08227754275816286,50.714285714285715,9.050529703397913,11.0,0.0,1.190956333705357,0.28590195499661536,1.5566444571010893,0.3833530836253677
A08,descriptive_baseline,scene,,The lonely student opened a worn book beneath the yellow lamp.,23,24.22908122509381,53.79325657357691,0.39155844155844155,0.09260407870983443,43.07142857142857,10.186448658081789,11.0,0.0,0.8363607883453369,0.26746934571362996,1.0938351079628252,0.34242349467381467
A09,descriptive_baseline,scene,,The quiet doctor carried a black case through the narrow hall.,0,19.76012288816794,40.5375072105854,0.39220779220779217,0.1336017339107871,43.142857142857146,14.696190730186581,11.0,0.0,0.9361763000488281,0.42277551118845275,1.2638795235072025,0.6192431782183994
A09,descriptive_baseline,scene,,The quiet doctor carried a black case through the narrow hall.,8,29.63593238779679,24.033719431802094,0.4229437229437229,0.11378600425991145,45.57142857142857,15.072717511676956,10.642857142857142,1.336306209562122,1.0308114188058035,0.4218466315136217,1.4295761878723032,0.5678909743830882
A09,descriptive_baseline,scene,,The quiet doctor carried a black case through the narrow hall.,15,41.98485505179205,21.552087325584925,0.4662337662337662,0.0854611343560549,51.285714285714285,9.400724779166039,11.0,0.0,1.2108389718191965,0.28738551254298306,1.5670692949082656,0.3771370034230433
A09,descriptive_baseline,scene,,The quiet doctor carried a black case through the narrow hall.,23,11.5172503864783,28.599448877876757,0.3675324675324675,0.06920806093835176,40.42857142857143,7.612886703218691,11.0,0.0,0.8415064947945731,0.1600367136834339,1.1870194271154657,0.2001408691484326
A10,descriptive_baseline,scene,,The eager runner crossed the long bridge above the shallow creek.,0,16.924618044302548,36.644468348752376,0.39155844155844155,0.1297689415985758,43.07142857142857,14.274583575843334,11.0,0.0,0.9578322819301059,0.43297378367034517,1.3393887120872676,0.5686068545800106
A10,descriptive_baseline,scene,,The eager runner crossed the long bridge above the shallow creek.,8,10.614419555744224,38.596903866468395,0.4045454545454545,0.10289824252785389,43.357142857142854,14.205129858108103,10.642857142857142,1.336306209562122,0.9631500244140625,0.3660797965181638,1.3618860353716653,0.49250146619502305
A10,descriptive_baseline,scene,,The eager runner crossed the long bridge above the shallow creek.,15,27.98010037472169,22.536836174551166,0.4396103896103896,0.0831367827077604,48.357142857142854,9.145046097853642,11.0,0.0,1.0881112234933037,0.2861830605988354,1.5098165287995293,0.39251778826083483
A10,descriptive_baseline,scene,,The eager runner crossed the long bridge above the shallow creek.,23,28.180198733946444,28.837137470830942,0.42597402597402595,0.06544455468207565,46.857142857142854,7.198901015028323,11.0,0.0,0.9518712588718959,0.1990540829731669,1.225199346634069,0.2437073504241686
B01,logical_relational,conditional_comparison,,"If Alice is older than Bob, then Alice is the oldest.",0,19.103269213749446,45.62271319667393,0.3695887445887446,0.13756202796174496,48.785714285714285,18.15818769095033,12.0,0.0,0.9249589350316432,0.444322463740407,1.2580164367572397,0.5590783868633615
B01,logical_relational,conditional_comparison,,"If Alice is older than Bob, then Alice is the oldest.",8,28.502396536179038,36.36559295650565,0.38690476190476186,0.11876404181243119,51.07142857142857,15.676853519240916,12.0,0.0,1.0410239479758523,0.36121843462581266,1.5726290366546831,0.4414176108924472
B01,logical_relational,conditional_comparison,,"If Alice is older than Bob, then Alice is the oldest.",15,47.103757828602646,21.623970430544666,0.4518398268398268,0.08615211198490219,59.642857142857146,11.372078782007089,12.0,0.0,1.1974431818181819,0.2922393366229845,1.5500364830093531,0.40608079385404916
B01,logical_relational,conditional_comparison,,"If Alice is older than Bob, then Alice is the oldest.",23,34.421154733532,32.99279393702302,0.43181818181818177,0.06872999012071339,57.0,9.072358695934168,12.0,0.0,1.132400066821606,0.24326666270477684,1.4602392606283117,0.35657157839917375
B02,logical_relational,conditional_set,,"If every rose is red, then this flower is red.",0,16.210195822062452,41.475762597371684,0.3714285714285714,0.1319739683658078,40.857142857142854,14.517136520238857,11.0,0.0,0.8577405657087054,0.4303793760227321,1.1043137163365804,0.5483112351644764
B02,logical_relational,conditional_set,,"If every rose is red, then this flower is red.",8,19.537505961216375,44.63381238684359,0.4181818181818181,0.11510243095697839,46.0,12.661267405267623,11.0,0.0,1.0279094877697172,0.36252753977315616,1.5522235681564787,0.351665688256962
B02,logical_relational,conditional_set,,"If every rose is red, then this flower is red.",15,33.72731004559474,23.09260494907868,0.44805194805194803,0.08289336829731402,49.285714285714285,9.118270512704541,11.0,0.0,1.1304630824497768,0.27811336826286137,1.4494571202425683,0.391011573190391
B02,logical_relational,conditional_set,,"If every rose is red, then this flower is red.",23,32.12416063516523,35.15177859090544,0.46688311688311684,0.05199236371837761,51.357142857142854,5.719160009021536,11.0,0.0,1.1891645159040178,0.19982469099069017,1.4816691032746458,0.29451926836822895
B03,logical_relational,conditional_negation,,"If no bird can swim, then this duck cannot swim.",0,1.833299490433447,40.97791964809869,0.3694805194805194,0.12957984540965808,40.642857142857146,14.253782995062387,11.0,0.0,0.8724326814923967,0.4327701830112185,1.174797574981293,0.5756217325598312
B03,logical_relational,conditional_negation,,"If no bird can swim, then this duck cannot swim.",8,8.641528516187213,57.983149099567996,0.3902597402597402,0.11159505201967433,42.92857142857143,12.275455722164175,11.0,0.0,0.971901501928057,0.3216423901876886,1.4468492488200975,0.39384458717438964
B03,logical_relational,conditional_negation,,"If no bird can swim, then this duck cannot swim.",15,38.31052477901984,26.67977025541889,0.44610389610389606,0.08939041177843655,49.07142857142857,9.832945295628019,11.0,0.0,1.1054338727678572,0.28321233026563625,1.4433128921961706,0.405714018026134
B03,logical_relational,conditional_negation,,"If no bird can swim, then this duck cannot swim.",23,29.942643489744114,35.23192025534684,0.45454545454545453,0.06358639396738072,50.0,6.99450333641188,11.0,0.0,1.0827013288225447,0.19125886602793515,1.3178584149433967,0.28250026097068526
B04,logical_relational,transitive_comparison,,"If Carl is taller than Dana, and Dana is taller than Eric, then Carl is tallest.",0,42.568996207114516,61.49389242707954,0.33870214752567696,0.13549960436636527,103.64285714285714,41.46287893610777,18.0,0.0,1.18139650040314,0.5542816088501291,1.8236320100453909,0.6570357386792705
B04,logical_relational,transitive_comparison,,"If Carl is taller than Dana, and Dana is taller than Eric, then Carl is tallest.",8,36.88975366853102,93.79120922159835,0.3284313725490196,0.11671288515312793,100.5,35.71414285685714,18.0,0.0,1.2185548395001924,0.42892337613723464,2.1628655584865215,0.4523067563675459
B04,logical_relational,transitive_comparison,,"If Carl is taller than Dana, and Dana is taller than Eric, then Carl is tallest.",15,74.50344059292084,34.96819663276,0.4028944911297852,0.09707442637585291,123.28571428571429,29.70477447101099,18.0,0.0,1.447110216156775,0.3640770782061474,2.0653905663167587,0.4250923543100571
B04,logical_relational,transitive_comparison,,"If Carl is taller than Dana, and Dana is taller than Eric, then Carl is tallest.",23,48.266381206326564,33.04757057223831,0.38048552754435105,0.05223593297712427,116.42857142857143,15.984195491000024,18.0,0.0,1.4409118460006074,0.19565138420306485,1.8958432316944394,0.2423294523636182
B05,logical_relational,conditional_order,,"If the lamp is above the desk, then the desk is below the lamp.",0,18.881434118915326,46.55506978346466,0.3404761904761905,0.13056719908294315,71.5,27.41911180741806,15.0,0.0,1.0490740172717037,0.4648595639797649,1.5469373355079583,0.5874555452516728
B05,logical_relational,conditional_order,,"If the lamp is above the desk, then the desk is below the lamp.",8,21.87884819667414,69.44626734034163,0.3507587650444793,0.11688401409668775,73.42857142857143,25.055981277974283,14.928571428571429,0.2672612419124242,1.1273007555072811,0.3952495366764608,1.7932689233277295,0.5292910713681204
B05,logical_relational,conditional_order,,"If the lamp is above the desk, then the desk is below the lamp.",15,66.15291382951914,27.08400321060847,0.4370748299319728,0.09171465032941288,91.78571428571429,19.260076569176704,15.0,0.0,1.3791370002590881,0.33768872807844824,1.8643797526457233,0.44901155487124517
B05,logical_relational,conditional_order,,"If the lamp is above the desk, then the desk is below the lamp.",23,46.11244607972384,29.60471738731505,0.40646258503401356,0.05157918330303483,85.35714285714286,10.831628493637316,15.0,0.0,1.220925759296028,0.19325639544326226,1.3513020623420977,0.3109666062746863
B06,logical_relational,conditional_identity,,"If the key opens the chest, then the chest opens with the key.",0,7.949945114263119,68.5545470057175,0.33673469387755095,0.13625808777164286,61.285714285714285,24.798971974439002,14.0,0.0,1.0141774009872269,0.4878914306395154,1.549353399327344,0.581406414719319
B06,logical_relational,conditional_identity,,"If the key opens the chest, then the chest opens with the key.",8,18.02687883869488,59.89864620832352,0.35825484039769756,0.11833029360451328,65.0,22.00349622568755,13.928571428571429,0.2672612419124242,1.060357900766226,0.4065407326879096,1.6655369786682959,0.6667918039660888
B06,logical_relational,conditional_identity,,"If the key opens the chest, then the chest opens with the key.",15,59.15855382860257,27.009590322277056,0.44191522762951335,0.09266310150712445,80.42857142857143,16.86468447429665,14.0,0.0,1.3642437274639423,0.333453464649664,1.8514405991103806,0.43063112302653245
B06,logical_relational,conditional_identity,,"If the key opens the chest, then the chest opens with the key.",23,38.23292756838795,35.41349271326667,0.391679748822606,0.05662801145681844,71.28571428571429,10.30629808514096,14.0,0.0,1.06875241457761,0.20097274342333452,1.1531949975521372,0.32594275701515824
B07,logical_relational,conditional_membership,,"If every square is blue, then this tile is blue.",0,15.432869730021343,44.36360332405569,0.3662337662337662,0.1199400449625328,40.285714285714285,13.193404945878605,11.0,0.0,0.8399500165666852,0.3909378642906827,1.1071557137514945,0.4938452496496588
B07,logical_relational,conditional_membership,,"If every square is blue, then this tile is blue.",8,6.227005470261466,69.43845210077869,0.40259740259740256,0.11556701594277234,44.285714285714285,12.712371753704955,11.0,0.0,1.0067286900111607,0.3559192449655787,1.4713709622594062,0.5085049120981365
B07,logical_relational,conditional_membership,,"If every square is blue, then this tile is blue.",15,29.061742273675517,19.79779102692894,0.45,0.08291801571397368,49.5,9.120981728537105,11.0,0.0,1.1659694126674107,0.28950054803010644,1.5649844037079839,0.40861403229496274
B07,logical_relational,conditional_membership,,"If every square is blue, then this tile is blue.",23,28.681299989658044,38.475075861537064,0.4603896103896104,0.058331008771705356,50.642857142857146,6.4164109648875876,11.0,0.0,1.0802497863769531,0.1997087154428168,1.282375986251543,0.2693249173125484
B08,logical_relational,conditional_exclusion,,"If no cat is silent, then this kitten is not silent.",0,25.341275718858807,37.310987938139206,0.37012987012987014,0.12866294306360818,48.857142857142854,16.983508484396282,12.0,0.0,0.9265752396026216,0.4199932233746717,1.2631360995603271,0.5309799485353681
B08,logical_relational,conditional_exclusion,,"If no cat is silent, then this kitten is not silent.",8,14.24840858524274,49.41640477178187,0.37835497835497833,0.11071605567991354,49.714285714285715,15.147625208280981,11.928571428571429,0.2672612419124242,1.02153205517714,0.35283909393543245,1.5775735604053458,0.42127014652079087
B08,logical_relational,conditional_exclusion,,"If no cat is silent, then this kitten is not silent.",15,50.38766249852549,24.45252419752498,0.4610389610389611,0.08997466262021621,60.857142857142854,11.876655465868536,12.0,0.0,1.2300113826603083,0.30475425533579,1.5619463619992673,0.4097213851856709
B08,logical_relational,conditional_exclusion,,"If no cat is silent, then this kitten is not silent.",23,39.815031738568344,33.45356773396241,0.44805194805194803,0.07313992433183611,59.142857142857146,9.654470011802367,12.0,0.0,1.1544781969739244,0.22485515972108155,1.377448640588197,0.2610367600998467
B09,logical_relational,comparative_chain,,"If Mira is faster than Lena, and Lena is faster than Paul, then Mira is fastest.",0,40.577394941213434,79.72267797422327,0.31654135338345857,0.14260456805143945,120.28571428571429,54.18973585954698,20.0,0.0,1.1833416537234656,0.5877920852722038,1.8842802708158675,0.7178316943229021
B09,logical_relational,comparative_chain,,"If Mira is faster than Lena, and Lena is faster than Paul, then Mira is fastest.",8,47.26988077981689,69.64026577360912,0.31620121732903683,0.11467464224607761,119.0,46.116908295865095,19.642857142857142,1.3363062095621214,1.2747784885386637,0.4606770708570276,2.28926372344054,0.5230267382308893
B09,logical_relational,comparative_chain,,"If Mira is faster than Lena, and Lena is faster than Paul, then Mira is fastest.",15,97.98113936728501,40.83729074126416,0.40507518796992475,0.10195439564586314,153.92857142857142,38.742670345427996,20.0,0.0,1.5596180392387216,0.3965655385264959,2.252543921810561,0.44554288821523647
B09,logical_relational,comparative_chain,,"If Mira is faster than Lena, and Lena is faster than Paul, then Mira is fastest.",23,43.90558768602863,21.323656929707234,0.32913533834586467,0.04814328317211157,125.07142857142857,18.29444760540239,20.0,0.0,1.397054600536375,0.18852813754612927,1.9561240017125452,0.17452067104785995
B10,logical_relational,conditional_containment,,"If the cup is inside the box, then the box contains the cup.",0,17.982913853821223,48.498982251401024,0.3528257456828885,0.13666226473606838,64.21428571428571,24.872532181964445,14.0,0.0,1.0133512727506868,0.4887103660133259,1.441243464515323,0.6191825002305813
B10,logical_relational,conditional_containment,,"If the cup is inside the box, then the box contains the cup.",8,28.12493569794415,34.945502628633946,0.3618524332810047,0.12160424066780395,65.85714285714286,22.13197180154032,14.0,0.0,1.0995919503571787,0.4078956058889797,1.7197133799558402,0.5415505713756072
B10,logical_relational,conditional_containment,,"If the cup is inside the box, then the box contains the cup.",15,61.53537862445097,26.237069569438848,0.4438775510204081,0.0916922528705419,80.78571428571429,16.687990022438623,14.0,0.0,1.3365377908224587,0.3202626806621852,1.7881603286412793,0.44186327160755967
B10,logical_relational,conditional_containment,,"If the cup is inside the box, then the box contains the cup.",23,30.51588929425581,32.80712248091764,0.39678178963893246,0.05362655426870182,72.21428571428571,9.760032876903733,14.0,0.0,1.1586633619371352,0.17292565313691938,1.3240090531873363,0.2521524714904335
C01,structured_nonlogical,entity_rich,,Alice and Bob walked through the market beside the old fountain.,0,11.714023396386239,30.29166371051929,0.3863636363636363,0.12069674818424266,42.5,13.276642300266689,11.0,0.0,0.9490753173828125,0.4090843425337783,1.3044738496458008,0.5171831786770272
C01,structured_nonlogical,entity_rich,,Alice and Bob walked through the market beside the old fountain.,8,17.417637857343486,62.55700295706174,0.41385281385281386,0.11413930217286057,44.714285714285715,14.636248843873219,10.714285714285714,1.069044967649698,1.0235297066824776,0.40928943643786087,1.5161615269696047,0.5298636993624595
C01,structured_nonlogical,entity_rich,,Alice and Bob walked through the market beside the old fountain.,15,31.36274210040724,23.035771587075295,0.43051948051948047,0.08221404953515016,47.357142857142854,9.043545448866515,11.0,0.0,1.0533656529017856,0.2664823855478402,1.3770391687804295,0.36892660753427603
C01,structured_nonlogical,entity_rich,,Alice and Bob walked through the market beside the old fountain.,23,15.341519905414982,35.5109528741894,0.4012987012987012,0.06236055190818133,44.142857142857146,6.859660709899947,11.0,0.0,0.9300338745117188,0.20886018089292024,1.220558427143841,0.3380699895180401
C02,structured_nonlogical,entity_rich,,Mira and Lena crossed the station near the silver railing.,0,5.179670977425845,42.671994848158505,0.38766233766233765,0.12194686569508968,42.642857142857146,13.414155226459862,11.0,0.0,0.9401083809988838,0.3904215037355928,1.3038695491697552,0.4809490313862973
C02,structured_nonlogical,entity_rich,,Mira and Lena crossed the station near the silver railing.,8,-8.802875191756227,106.85822184519257,0.40057720057720053,0.11546578136261844,43.857142857142854,13.20755694439969,10.928571428571429,0.2672612419124242,1.0014552040705604,0.38242903645391335,1.4659627382986986,0.5044041542395749
C02,structured_nonlogical,entity_rich,,Mira and Lena crossed the station near the silver railing.,15,40.04471759383567,25.966767200255987,0.45064935064935063,0.08390609331137965,49.57142857142857,9.22967026425176,11.0,0.0,1.0949205671037947,0.2761743663519263,1.4929116448090205,0.40538630363764044
C02,structured_nonlogical,entity_rich,,Mira and Lena crossed the station near the silver railing.,23,-11.160845539881214,53.58501734631759,0.3441558441558441,0.05975763114502942,37.857142857142854,6.573339425953235,11.0,0.0,0.7217966624668666,0.1325309481902216,0.6697309406116166,0.18685161848777226
C03,structured_nonlogical,object_relation,,The red box beside the lamp held three letters and a coin.,0,22.56613771591038,44.51694350622597,0.38041125541125537,0.12694689155156255,50.214285714285715,16.756989684806257,12.0,0.0,0.9839330153031783,0.4418312603830319,1.4156738349504676,0.5866694965148543
C03,structured_nonlogical,object_relation,,The red box beside the lamp held three letters and a coin.,8,26.267380724459574,36.77042095648582,0.39664502164502163,0.10964663324277264,51.142857142857146,17.59308055789217,11.571428571428571,1.6035674514745464,1.0400679947493912,0.39808878293878763,1.5191075158758323,0.41947401003518553
C03,structured_nonlogical,object_relation,,The red box beside the lamp held three letters and a coin.,15,54.16578089834177,24.001498025501032,0.4561688311688311,0.0873516548646008,60.214285714285715,11.530418442127305,12.0,0.0,1.1974526937905843,0.2887673096284691,1.5692408839795842,0.4016327867470064
C03,structured_nonlogical,object_relation,,The red box beside the lamp held three letters and a coin.,23,21.508492103217296,36.69060643123751,0.42261904761904756,0.07230956259243454,55.785714285714285,9.544862262201358,12.0,0.0,0.9133884875805347,0.22904026567799646,1.1238428287230557,0.2889587923548232
C04,structured_nonlogical,object_relation,,The silver clock above the desk marked the end of morning.,0,19.29024057634293,40.55535917402113,0.3753246753246753,0.13954009335404588,41.285714285714285,15.349410268945046,11.0,0.0,0.8964520590645926,0.41956832213877526,1.2720864407578172,0.5562615207087095
C04,structured_nonlogical,object_relation,,The silver clock above the desk marked the end of morning.,8,27.32714929539887,29.086349873035758,0.4220779220779221,0.10689600115588377,45.142857142857146,15.134561277253631,10.571428571428571,1.6035674514745464,1.0282566615513393,0.4169720503100465,1.3724616702743564,0.5383147795782872
C04,structured_nonlogical,object_relation,,The silver clock above the desk marked the end of morning.,15,41.97529066466587,22.45254710917554,0.4610389610389611,0.08766437264075286,50.714285714285715,9.643080990482813,11.0,0.0,1.17821044921875,0.2903412121589945,1.5230541640407427,0.4085536937054077
C04,structured_nonlogical,object_relation,,The silver clock above the desk marked the end of morning.,23,18.433768515117748,43.56522373676033,0.42532467532467527,0.060215608732374734,46.785714285714285,6.623716960561221,11.0,0.0,0.9526983942304339,0.189593455346788,1.2311525025436847,0.22656087398986097
C05,structured_nonlogical,entity_rich,,Carl and Dana waited near the garden beside the stone gate.,0,6.845902551565543,42.95003456195893,0.38896103896103895,0.11697493341212643,42.785714285714285,12.867242675333905,11.0,0.0,0.9386893749237061,0.39505702008866245,1.3274790064753945,0.5249065721153711
C05,structured_nonlogical,entity_rich,,Carl and Dana waited near the garden beside the stone gate.,8,13.355157071119766,62.457582702370395,0.4067099567099567,0.1105137627571621,43.785714285714285,14.650694766558248,10.642857142857142,1.336306209562122,0.9892745660275829,0.39819579849500464,1.444641646745476,0.33556666446598454
C05,structured_nonlogical,entity_rich,,Carl and Dana waited near the garden beside the stone gate.,15,30.411699744743228,22.625532465943532,0.42337662337662335,0.08268494157990493,46.57142857142857,9.095343573789542,11.0,0.0,1.0181082589285715,0.28118219539321887,1.39612666143249,0.36348072439934875
C05,structured_nonlogical,entity_rich,,Carl and Dana waited near the garden beside the stone gate.,23,10.539183370258176,31.745232823507106,0.4045454545454545,0.04911809658962173,44.5,5.402990624858393,11.0,0.0,0.9271680559430804,0.15226732199443566,1.1816849812908476,0.18139943101487846
C06,structured_nonlogical,object_relation,,The narrow shelf above the bed supported a lamp and vase.,0,18.504533227815557,35.47784555033566,0.39155844155844155,0.11278502275047425,43.07142857142857,12.406352502552167,11.0,0.0,0.946660886492048,0.3932895687680563,1.3241026111307688,0.5453002606499618
C06,structured_nonlogical,object_relation,,The narrow shelf above the bed supported a lamp and vase.,8,19.439723722212022,52.21707082561055,0.4141001855287569,0.11549947730832641,45.0,14.180159487005888,10.785714285714286,0.8017837257372731,1.0393310425773499,0.41344554818026474,1.483497679888686,0.5614030048431994
C06,structured_nonlogical,object_relation,,The narrow shelf above the bed supported a lamp and vase.,15,39.0009590867918,21.368081284465287,0.46688311688311684,0.08665626851500842,51.357142857142854,9.532189536650924,11.0,0.0,1.226798793247768,0.3072763223744672,1.683892867938409,0.42495016866186885
C06,structured_nonlogical,object_relation,,The narrow shelf above the bed supported a lamp and vase.,23,4.6774165384833895,45.129618701313824,0.3577922077922077,0.07382107049854025,39.357142857142854,8.120317754839427,11.0,0.0,0.8424818583897181,0.1651759085908963,1.1418070098326736,0.15832830716875587
C07,structured_nonlogical,scene,,The blue train beyond the tunnel carried workers and grain.,0,5.591003129698651,41.41052001145293,0.4063492063492063,0.10466010519966186,36.57142857142857,9.419409467969567,10.0,0.0,0.8922156379336403,0.37259851816860595,1.1832316012172925,0.4687695566237358
C07,structured_nonlogical,scene,,The blue train beyond the tunnel carried workers and grain.,8,13.769506220267031,45.28179966638979,0.39285714285714285,0.1175572150899247,35.357142857142854,10.580149358093225,10.0,0.0,0.8699188232421875,0.3535283790580904,1.2290043253012206,0.34440965197063284
C07,structured_nonlogical,scene,,The blue train beyond the tunnel carried workers and grain.,15,32.70679337583879,21.334743665115035,0.45634920634920634,0.08017837257372734,41.07142857142857,7.216053531635461,10.0,0.0,1.051543705047123,0.26966197647112833,1.3603515728408075,0.3600648452681225
C07,structured_nonlogical,scene,,The blue train beyond the tunnel carried workers and grain.,23,23.910034250224843,28.174512206191064,0.4349206349206349,0.06328415287324313,39.142857142857146,5.69557375859188,10.0,0.0,0.9143364543006534,0.17975871326370643,1.172239547653979,0.2768072028267535
C08,structured_nonlogical,scene,,The small boat beneath the bridge carried fruit and rope.,0,8.651250074847123,43.65154729152407,0.3984126984126984,0.11101338803933664,35.857142857142854,9.991204923540295,10.0,0.0,0.8556190975128659,0.37154945285730456,1.1305824147783312,0.5174372614762788
C08,structured_nonlogical,scene,,The small boat beneath the bridge carried fruit and rope.,8,-7.851360551477193,90.18856631297234,0.4039682539682539,0.11486042918654883,36.357142857142854,10.33743862678939,10.0,0.0,0.8762828281947544,0.3447075891839761,1.2352360881865567,0.341179974715888
C08,structured_nonlogical,scene,,The small boat beneath the bridge carried fruit and rope.,15,34.07701233831673,20.86953655968126,0.4642857142857143,0.0815540617283917,41.785714285714285,7.33986555555525,10.0,0.0,1.071929447234623,0.27735569229593665,1.3317333672595526,0.3802955646816989
C08,structured_nonlogical,scene,,The small boat beneath the bridge carried fruit and rope.,23,9.711264857403753,31.33908418783632,0.43888888888888883,0.06562577725311888,39.5,5.906319952780698,10.0,0.0,0.9184905763656374,0.18966058215236603,1.1279210563228694,0.28562600722379444
C09,structured_nonlogical,entity_rich,,Alice and Eric stood near the window beside the closed curtain.,0,2.3907157393359446,56.38784654836581,0.38636363636363635,0.12252638311061462,42.5,13.477902142167606,11.0,0.0,0.9561419350760323,0.41558768635343357,1.2739640620348662,0.5284477912718414
C09,structured_nonlogical,entity_rich,,Alice and Eric stood near the window beside the closed curtain.,8,29.91143250598179,27.32009634377066,0.4220470006184292,0.10926130182813423,45.5,14.394176172754996,10.714285714285714,1.069044967649698,1.0295245034354072,0.3916670219541082,1.5348325373946452,0.38043902718512473
C09,structured_nonlogical,entity_rich,,Alice and Eric stood near the window beside the closed curtain.,15,31.19717446964461,29.88564573456803,0.45194805194805193,0.08048080022236319,49.714285714285715,8.852888024459949,11.0,0.0,1.151633998325893,0.2909010404403861,1.5539814111885282,0.37759674489319717
C09,structured_nonlogical,entity_rich,,Alice and Eric stood near the window beside the closed curtain.,23,8.888071864061406,29.766451346671186,0.3766233766233766,0.07313819972003119,41.42857142857143,8.045201969203426,11.0,0.0,0.8445117405482702,0.1896027961233136,1.1065558631619123,0.22085684750282963
C10,structured_nonlogical,scene,,The black dog beside the porch watched the passing carts.,0,14.881986927846684,32.25433012517718,0.3976190476190476,0.11507283885330302,35.785714285714285,10.356555496797272,10.0,0.0,0.8946087852356925,0.3653686472218384,1.233838373252982,0.4949105702014392
C10,structured_nonlogical,scene,,The black dog beside the porch watched the passing carts.,8,21.605997216159,24.148260773791208,0.40198412698412694,0.09656019145522951,34.785714285714285,11.988318490087767,9.571428571428571,1.6035674514745464,0.8803178090897817,0.37216374576524636,1.1923039719933644,0.4779028537974482
C10,structured_nonlogical,scene,,The black dog beside the porch watched the passing carts.,15,37.407939599362514,20.82120484116113,0.46746031746031746,0.0810032400269164,42.07142857142857,7.290291602422475,10.0,0.0,1.078497023809524,0.26693176715595285,1.3350187643440585,0.34500445769523336
C10,structured_nonlogical,scene,,The black dog beside the porch watched the passing carts.,23,11.696446459480336,57.11408924791933,0.42380952380952375,0.059573849540243334,38.142857142857146,5.361646458621898,10.0,0.0,0.8972469511486235,0.19059206778648452,1.1859827533045877,0.2793689318685144
D01,semantic_abstract,abstract_evocative,,The hidden memory drifted slowly beneath the shape of longing.,0,6.615675153977471,38.781398907980524,0.38809523809523805,0.12026121345953344,34.92857142857143,10.823509211358008,10.0,0.0,0.8923247806609622,0.3728096309118237,1.2619781259385743,0.5465323815161575
D01,semantic_abstract,abstract_evocative,,The hidden memory drifted slowly beneath the shape of longing.,8,24.126148579162304,22.92212087285263,0.43849206349206354,0.09814190855678093,38.07142857142857,12.4928551008738,9.571428571428571,1.6035674514745464,1.0117337665860615,0.402129359840096,1.3091163270489652,0.4974681784850835
D01,semantic_abstract,abstract_evocative,,The hidden memory drifted slowly beneath the shape of longing.,15,33.7517058337913,20.14518106956875,0.4777777777777778,0.08314794192830986,43.0,7.4833147735478835,10.0,0.0,1.200714595734127,0.28361321807446127,1.5457805922154981,0.3655626789045749
D01,semantic_abstract,abstract_evocative,,The hidden memory drifted slowly beneath the shape of longing.,23,6.462766347331516,42.01545471547417,0.41428571428571426,0.07993689004399904,37.285714285714285,7.194320103959912,10.0,0.0,0.8951672750806051,0.225244543682791,1.317534561014204,0.35058252281926566
D02,semantic_abstract,abstract_evocative,,The silent future pressed against the fragile edge of hope.,0,11.488917160997948,35.64541062476049,0.39206349206349206,0.12521044556128566,35.285714285714285,11.268940100515708,10.0,0.0,0.8817458985343812,0.39536730335201264,1.2301705861253147,0.5577106474903251
D02,semantic_abstract,abstract_evocative,,The silent future pressed against the fragile edge of hope.,8,21.02051786742242,24.22903665223457,0.42766439909297055,0.11509130380699756,38.0,11.734236561971455,9.785714285714286,0.8017837257372731,0.9960172138516865,0.3918011639638526,1.3008358992513156,0.507470457093289
D02,semantic_abstract,abstract_evocative,,The silent future pressed against the fragile edge of hope.,15,33.71335765444597,20.35540618041072,0.4746031746031746,0.08273902855210988,42.714285714285715,7.446512569689884,10.0,0.0,1.1780221121651786,0.2895970464939834,1.4524561302281565,0.40163028821003366
D02,semantic_abstract,abstract_evocative,,The silent future pressed against the fragile edge of hope.,23,8.84834207334938,34.2002385900367,0.4063492063492063,0.05890973437124071,36.57142857142857,5.301876093411662,10.0,0.0,0.9013040027921162,0.1951940195988815,1.2895447064282128,0.33552001512324797
D03,semantic_abstract,abstract_evocative,,The unknown shadow moved across the border of meaning.,0,15.578166069652525,23.473878292731474,0.38591269841269843,0.12939548377883164,27.785714285714285,9.31647483207588,9.0,0.0,0.8265885625566755,0.3881317338863364,1.1713541548613962,0.5560929464338429
D03,semantic_abstract,abstract_evocative,,The unknown shadow moved across the border of meaning.,8,12.940087083968816,39.88037769670879,0.43679138321995464,0.11357180918138407,31.285714285714285,8.64183537689296,8.928571428571429,0.2672612419124242,0.9631346566336496,0.31740286062928585,1.2761344689444392,0.31817823665395545
D03,semantic_abstract,abstract_evocative,,The unknown shadow moved across the border of meaning.,15,25.076952908673473,19.0378797432395,0.4751984126984127,0.07726835833357577,34.214285714285715,5.563321800017454,9.0,0.0,1.0724116734095983,0.256022915728886,1.285666345245087,0.33672088040354736
D03,semantic_abstract,abstract_evocative,,The unknown shadow moved across the border of meaning.,23,31.754400230549752,15.478879956608365,0.4593253968253968,0.06317049788478639,33.07142857142857,4.548275847704621,9.0,0.0,0.8931496143341064,0.1828306433568481,1.1995025075496877,0.24840460487685279
D04,semantic_abstract,abstract_evocative,,The broken promise lingered within the chamber of regret.,0,0.9382042590365841,53.53347123301006,0.396031746031746,0.10821939156840937,35.642857142857146,9.739745241156843,10.0,0.0,0.8983516087607732,0.3624544119934551,1.2946114305579977,0.49563710671931843
D04,semantic_abstract,abstract_evocative,,The broken promise lingered within the chamber of regret.,8,20.210273613208507,37.92691574411074,0.43809523809523804,0.11253061507788005,38.857142857142854,11.713615633475055,9.785714285714286,0.8017837257372731,1.0186455666072785,0.3786841559875931,1.362549089813569,0.5171514240775873
D04,semantic_abstract,abstract_evocative,,The broken promise lingered within the chamber of regret.,15,33.86238559278731,18.00271770941673,0.476984126984127,0.08297235614595919,42.92857142857143,7.467512053136322,10.0,0.0,1.1937856522817458,0.2765475318635076,1.5517633961556196,0.36948739136270664
D04,semantic_abstract,abstract_evocative,,The broken promise lingered within the chamber of regret.,23,6.575438134628263,37.60092929353362,0.40793650793650793,0.06978852487172614,36.714285714285715,6.280967238455352,10.0,0.0,0.888981440710643,0.18682692233225837,1.1774307332478453,0.26721087302852353
D05,semantic_abstract,abstract_evocative,,The distant sorrow folded gently into the language of sleep.,0,22.18737531395192,25.108458790788934,0.3761904761904762,0.13353667847715536,33.857142857142854,12.01830106294398,10.0,0.0,0.8516740950327071,0.3855447460831192,1.2228714024477256,0.5760979017021283
D05,semantic_abstract,abstract_evocative,,The distant sorrow folded gently into the language of sleep.,8,18.303469345474365,54.262908866977945,0.43769841269841264,0.11855770172899767,39.214285714285715,11.164356548536828,9.928571428571429,0.2672612419124242,1.024604295657065,0.349985801534293,1.3739137059714623,0.415925155005853
D05,semantic_abstract,abstract_evocative,,The distant sorrow folded gently into the language of sleep.,15,31.58865742526157,19.808027804511433,0.476984126984127,0.08297235614595919,42.92857142857143,7.467512053136322,10.0,0.0,1.19055660187252,0.28059448708283363,1.5419213691218938,0.37317597382132855
D05,semantic_abstract,abstract_evocative,,The distant sorrow folded gently into the language of sleep.,23,11.73248865008173,32.622315228670324,0.41349206349206347,0.07333832816822577,37.214285714285715,6.60044953514032,10.0,0.0,0.8843240889291915,0.20358094330263288,1.3404791078369822,0.3181571856968035
D06,semantic_abstract,abstract_evocative,,The unfinished dream hovered above the threshold of memory.,0,2.397753806203581,44.08758128375029,0.3898809523809524,0.11853713811946495,28.071428571428573,8.534673944601478,9.0,0.0,0.8024380547659737,0.3616840797123642,1.0687519970461368,0.4925944058638684
D06,semantic_abstract,abstract_evocative,,The unfinished dream hovered above the threshold of memory.,8,21.8819688680926,23.180213631620166,0.4444444444444445,0.12314627378990436,32.0,8.866531712873112,9.0,0.0,0.9784131731305804,0.37808597770290714,1.2600287286978042,0.49736171466404877
D06,semantic_abstract,abstract_evocative,,The unfinished dream hovered above the threshold of memory.,15,24.25043168208139,17.832066903089327,0.4781746031746032,0.07775379012617464,34.42857142857143,5.5982728890845745,9.0,0.0,1.1360985892159599,0.2573468424019508,1.4037950238790604,0.331377922433696
D06,semantic_abstract,abstract_evocative,,The unfinished dream hovered above the threshold of memory.,23,-10.127567949214349,41.24666642690589,0.3938492063492064,0.07381686750395601,28.357142857142858,5.314814460284832,9.0,0.0,0.7540817941938128,0.1707095012071957,1.022742981540045,0.26614161534382363
D07,semantic_abstract,abstract_evocative,,The quiet absence settled deeply inside the room of thought.,0,6.164259587669553,45.066178223374884,0.3849206349206349,0.13259103506792072,34.642857142857146,11.933193156112864,10.0,0.0,0.8777413141159783,0.40403402146644996,1.2369849693860648,0.5525001907709032
D07,semantic_abstract,abstract_evocative,,The quiet absence settled deeply inside the room of thought.,8,21.58006654547046,25.14346304101048,0.4252834467120182,0.11645689660252159,37.785714285714285,11.833320435426081,9.785714285714286,0.8017837257372731,0.9742668999565972,0.39316923405498067,1.3808824027314197,0.5249469604869617
D07,semantic_abstract,abstract_evocative,,The quiet absence settled deeply inside the room of thought.,15,34.04384454236656,20.373069649541215,0.476984126984127,0.08297235614595919,42.92857142857143,7.467512053136322,10.0,0.0,1.1849510556175595,0.283751815560518,1.5850556497536072,0.38531416766134924
D07,semantic_abstract,abstract_evocative,,The quiet absence settled deeply inside the room of thought.,23,-1.8353993688535724,26.940514570753937,0.3492063492063492,0.0805623970822192,31.428571428571427,7.250615737399725,10.0,0.0,0.7308259691510882,0.1777147590245299,1.0222707020678676,0.26185058993559646
D08,semantic_abstract,abstract_evocative,,The fading signal trembled along the edge of understanding.,0,12.342337338019973,28.04008635069508,0.37857142857142856,0.12806280256218588,34.07142857142857,11.525652230596728,10.0,0.0,0.863939466930571,0.381276522111987,1.2533624687365406,0.5182374658885626
D08,semantic_abstract,abstract_evocative,,The fading signal trembled along the edge of understanding.,8,6.245380747095959,96.25728061875355,0.4325396825396825,0.12566739483902523,38.92857142857143,11.310065535512267,10.0,0.0,1.0175985911535839,0.3855599481991826,1.3607615989384827,0.3432473154415912
D08,semantic_abstract,abstract_evocative,,The fading signal trembled along the edge of understanding.,15,34.249150349470845,17.700728268010867,0.473015873015873,0.08265700312443892,42.57142857142857,7.439130281199498,10.0,0.0,1.1848919580853174,0.27639507021227067,1.4977639790920776,0.37729332172729263
D08,semantic_abstract,abstract_evocative,,The fading signal trembled along the edge of understanding.,23,17.63838772518613,53.236154689330405,0.42857142857142855,0.0671936840905293,38.57142857142857,6.047431568147636,10.0,0.0,0.9221255476512606,0.18708427270685146,1.2845862590812849,0.251890329991053
D09,semantic_abstract,abstract_evocative,,The dark intuition circled beneath the surface of reason.,0,10.879235818434237,41.454446060361235,0.38095238095238093,0.12865204967151989,34.285714285714285,11.578684470436787,10.0,0.0,0.8696159483894469,0.38603243933108394,1.2207524679001327,0.5014270257149397
D09,semantic_abstract,abstract_evocative,,The dark intuition circled beneath the surface of reason.,8,22.42057881708842,34.597887575320016,0.4294784580498866,0.10662078619230005,38.0,11.327298544123055,9.785714285714286,0.8017837257372731,1.00830562531002,0.3785939852529186,1.2847008644549889,0.4914793532320451
D09,semantic_abstract,abstract_evocative,,The dark intuition circled beneath the surface of reason.,15,34.29620744267628,17.872149705589333,0.47698412698412695,0.08297235614595917,42.92857142857143,7.467512053136322,10.0,0.0,1.1923334030877977,0.2769246842869247,1.52729027949826,0.3582417089086092
D09,semantic_abstract,abstract_evocative,,The dark intuition circled beneath the surface of reason.,23,7.017517148100103,42.51661928632765,0.40634920634920635,0.07582584706346784,36.57142857142857,6.824326235712105,10.0,0.0,0.8721678408365401,0.1753025590469853,1.1730042801233194,0.27521818073452664
D10,semantic_abstract,abstract_evocative,,The fragile meaning dissolved within the pressure of silence.,0,3.3357961139371506,39.409901538110944,0.3948412698412698,0.11869351079488791,28.428571428571427,8.54593277723193,9.0,0.0,0.8314543451581683,0.3634489433392708,1.0870249472357258,0.48164218132393316
D10,semantic_abstract,abstract_evocative,,The fragile meaning dissolved within the pressure of silence.,8,8.488075684715172,61.12822491105092,0.44302721088435376,0.11454242069501425,31.714285714285715,8.74799820115851,8.928571428571429,0.2672612419124242,0.968400916274713,0.34612899999920543,1.2556339884785868,0.4230541389781459
D10,semantic_abstract,abstract_evocative,,The fragile meaning dissolved within the pressure of silence.,15,23.38586070879043,19.32849626451289,0.4761904761904762,0.07788998534375147,34.285714285714285,5.608078944750106,9.0,0.0,1.1210250854492188,0.25458151749974167,1.4601537552283006,0.33746339214459026
D10,semantic_abstract,abstract_evocative,,The fragile meaning dissolved within the pressure of silence.,23,5.435554039316828,35.9094050467967,0.42162698412698413,0.07260073863283978,30.357142857142858,5.227253181564465,9.0,0.0,0.8462643708501544,0.16805387358680693,1.153178069213802,0.27527181425016956
E01,minimal_pair,descriptive_pair_base,P01,Alice is older than Bob and Alice is smiling today.,0,4.012811393420165,51.22477207541935,0.3952380952380952,0.11901098337386412,35.57142857142857,10.710988503647771,10.0,0.0,0.8710349854968842,0.3772663956143905,1.1366248170950113,0.4885052271692722
E01,minimal_pair,descriptive_pair_base,P01,Alice is older than Bob and Alice is smiling today.,8,13.360047419103392,30.849456554751242,0.4103174603174603,0.11770714586763849,36.92857142857143,10.593643128087463,10.0,0.0,0.8838297374664792,0.33330947226459634,1.2297143271528852,0.33832660438277534
E01,minimal_pair,descriptive_pair_base,P01,Alice is older than Bob and Alice is smiling today.,15,33.08350339456624,20.70065349906181,0.46825396825396826,0.08128329024861104,42.142857142857146,7.31549612237499,10.0,0.0,1.1405746217757937,0.2729038600093261,1.4767371980510247,0.3815761869448625
E01,minimal_pair,descriptive_pair_base,P01,Alice is older than Bob and Alice is smiling today.,23,31.97907193937286,35.50172595494735,0.4507936507936508,0.062355517437330456,40.57142857142857,5.61199656935974,10.0,0.0,0.9888097369481647,0.16637548255024567,1.1688088348672878,0.2289555872098014
E02,minimal_pair,logical_pair_variant,P01,"If Alice is older than Bob, then Alice is the oldest.",0,19.103269213749446,45.62271319667393,0.3695887445887446,0.13756202796174496,48.785714285714285,18.15818769095033,12.0,0.0,0.9249589350316432,0.444322463740407,1.2580164367572397,0.5590783868633615
E02,minimal_pair,logical_pair_variant,P01,"If Alice is older than Bob, then Alice is the oldest.",8,28.502396536179038,36.36559295650565,0.38690476190476186,0.11876404181243119,51.07142857142857,15.676853519240916,12.0,0.0,1.0410239479758523,0.36121843462581266,1.5726290366546831,0.4414176108924472
E02,minimal_pair,logical_pair_variant,P01,"If Alice is older than Bob, then Alice is the oldest.",15,47.103757828602646,21.623970430544666,0.4518398268398268,0.08615211198490219,59.642857142857146,11.372078782007089,12.0,0.0,1.1974431818181819,0.2922393366229845,1.5500364830093531,0.40608079385404916
E02,minimal_pair,logical_pair_variant,P01,"If Alice is older than Bob, then Alice is the oldest.",23,34.421154733532,32.99279393702302,0.43181818181818177,0.06872999012071339,57.0,9.072358695934168,12.0,0.0,1.132400066821606,0.24326666270477684,1.4602392606283117,0.35657157839917375
E03,minimal_pair,descriptive_pair_base,P02,The bird is above the tree and the sky is bright.,0,-6.648283750596749,51.939302987720865,0.36363636363636365,0.11842363640980334,40.0,13.026600005078368,11.0,0.0,0.868543679373605,0.38681284381292985,1.169705067049404,0.5096048468886606
E03,minimal_pair,descriptive_pair_base,P02,The bird is above the tree and the sky is bright.,8,15.391580066981476,76.22402364789626,0.4136363636363636,0.11640678832749485,45.5,12.80474671602443,11.0,0.0,1.02603759765625,0.34125545107716543,1.3858727704998461,0.42674853498292986
E03,minimal_pair,descriptive_pair_base,P02,The bird is above the tree and the sky is bright.,15,40.1062415439352,21.308157993744043,0.4649350649350649,0.08608583534551248,51.142857142857146,9.469441888006372,11.0,0.0,1.202952357700893,0.2935820407563865,1.603920631005076,0.3878712093187128
E03,minimal_pair,descriptive_pair_base,P02,The bird is above the tree and the sky is bright.,23,5.437546730441793,30.894241235426577,0.3967532467532467,0.05734174361495153,43.642857142857146,6.307591797644666,11.0,0.0,0.9681357519967216,0.17747923307880714,1.1936677305337076,0.22466156199327422
E04,minimal_pair,logical_pair_variant,P02,"If the bird is above the tree, then the tree is below the bird.",0,11.974573423689758,46.26619747283214,0.327891156462585,0.12956281925561403,68.85714285714286,27.208192043678945,15.0,0.0,1.0209282077088648,0.4805446034752964,1.4857808346660064,0.6243505885825633
E04,minimal_pair,logical_pair_variant,P02,"If the bird is above the tree, then the tree is below the bird.",8,31.415543639992624,45.41098221408054,0.3529993815708101,0.1104126195272639,73.28571428571429,24.99054766361619,14.785714285714286,0.8017837257372731,1.1174852587075315,0.37708217712350806,1.776003625967166,0.4474218487385732
E04,minimal_pair,logical_pair_variant,P02,"If the bird is above the tree, then the tree is below the bird.",15,66.8363343509082,28.651370539462047,0.43537414965986393,0.09556198196667186,91.42857142857143,20.068016213001094,15.0,0.0,1.3772327656648595,0.3439316125627957,1.8759990090086487,0.4557655032343231
E04,minimal_pair,logical_pair_variant,P02,"If the bird is above the tree, then the tree is below the bird.",23,39.698733017238794,32.22612191028633,0.39897959183673465,0.058386305362290315,83.78571428571429,12.26112412608097,15.0,0.0,1.2544706694933832,0.20325793604621006,1.4390163427373754,0.32765731908797735
E05,minimal_pair,descriptive_pair_base,P03,Carl is taller than Dana and Carl is wearing black.,0,3.30976802072639,58.72326782492955,0.3992063492063492,0.11225600623015353,35.92857142857143,10.103040560713817,10.0,0.0,0.8751086280459449,0.38707145625918343,1.1572644972810924,0.524436373143456
E05,minimal_pair,descriptive_pair_base,P03,Carl is taller than Dana and Carl is wearing black.,8,4.525855406628268,54.597124723856666,0.41349206349206347,0.1142445828846663,37.214285714285715,10.282012459619965,10.0,0.0,0.8878868042476594,0.33906034257369194,1.2178123876547138,0.43141995883234113
E05,minimal_pair,descriptive_pair_base,P03,Carl is taller than Dana and Carl is wearing black.,15,35.86493662510298,20.271553905789506,0.47063492063492063,0.08137086879150893,42.357142857142854,7.3233781912358,10.0,0.0,1.0976698133680556,0.26444177558568044,1.4327838564705628,0.361645376540568
E05,minimal_pair,descriptive_pair_base,P03,Carl is taller than Dana and Carl is wearing black.,23,14.397084364276129,41.553814522312194,0.43730158730158725,0.05742283196355753,39.357142857142854,5.168054876720178,10.0,0.0,0.9190552726624504,0.1251953727468799,0.9993356585558828,0.154681536667781
E06,minimal_pair,logical_pair_variant,P03,"If Carl is taller than Dana, then Dana is shorter than Carl.",0,21.02649738607196,53.960285860392815,0.3731684981684981,0.13441984886317912,58.214285714285715,20.969496422655936,13.0,0.0,0.999348867507208,0.4735733736993072,1.4081031065956187,0.602894374412496
E06,minimal_pair,logical_pair_variant,P03,"If Carl is taller than Dana, then Dana is shorter than Carl.",8,26.887886398745003,60.79330555617605,0.3759157509157509,0.11399578206178755,58.642857142857146,17.783342001638857,13.0,0.0,1.0568610847770394,0.35766922173867294,1.6654520154485912,0.4251604840713518
E06,minimal_pair,logical_pair_variant,P03,"If Carl is taller than Dana, then Dana is shorter than Carl.",15,51.62265825844717,25.96125161686674,0.44413919413919417,0.09365350599513278,69.28571428571429,14.609946935240709,13.0,0.0,1.2667345319475447,0.30354208893810514,1.6965323643215218,0.38165193331467184
E06,minimal_pair,logical_pair_variant,P03,"If Carl is taller than Dana, then Dana is shorter than Carl.",23,21.236768570860903,21.93495622853789,0.38186813186813184,0.05076877538211767,59.57142857142857,7.9199289596103535,13.0,0.0,1.1439830689203172,0.1571239983166034,1.4748370519631393,0.19243118282237054
E07,minimal_pair,descriptive_pair_base,P04,The cup is inside the box and the lid is closed.,0,1.2099927379007707,54.20297857169505,0.3766233766233766,0.12293891545055517,41.42857142857143,13.523280699561068,11.0,0.0,0.8807525634765625,0.40361172361562697,1.1753024774489957,0.51848366138835
E07,minimal_pair,descriptive_pair_base,P04,The cup is inside the box and the lid is closed.,8,15.614118518349672,66.67255115143143,0.4202020202020202,0.1110510539110765,46.0,12.80024038235821,10.928571428571429,0.2672612419124242,1.036828371078249,0.34355987988248876,1.4051042471769684,0.4442076579185668
E07,minimal_pair,descriptive_pair_base,P04,The cup is inside the box and the lid is closed.,15,41.50565611375082,21.586128462072267,0.4727272727272727,0.08653828494719569,52.0,9.519211344191525,11.0,0.0,1.2361092703683034,0.28171915694893324,1.6130469775823213,0.3667477894256287
E07,minimal_pair,descriptive_pair_base,P04,The cup is inside the box and the lid is closed.,23,10.276254628439322,42.11876259526464,0.4266233766233766,0.05842435089105519,46.92857142857143,6.426678598016069,11.0,0.0,1.0253839901515416,0.17307954390220118,1.3081621081043366,0.19866836857038797
E08,minimal_pair,logical_pair_variant,P04,"If the cup is inside the box, then the box contains the cup.",0,17.982913853821223,48.498982251401024,0.3528257456828885,0.13666226473606838,64.21428571428571,24.872532181964445,14.0,0.0,1.0133512727506868,0.4887103660133259,1.441243464515323,0.6191825002305813
E08,minimal_pair,logical_pair_variant,P04,"If the cup is inside the box, then the box contains the cup.",8,28.12493569794415,34.945502628633946,0.3618524332810047,0.12160424066780395,65.85714285714286,22.13197180154032,14.0,0.0,1.0995919503571787,0.4078956058889797,1.7197133799558402,0.5415505713756072
E08,minimal_pair,logical_pair_variant,P04,"If the cup is inside the box, then the box contains the cup.",15,61.53537862445097,26.237069569438848,0.4438775510204081,0.0916922528705419,80.78571428571429,16.687990022438623,14.0,0.0,1.3365377908224587,0.3202626806621852,1.7881603286412793,0.44186327160755967
E08,minimal_pair,logical_pair_variant,P04,"If the cup is inside the box, then the box contains the cup.",23,30.51588929425581,32.80712248091764,0.39678178963893246,0.05362655426870182,72.21428571428571,9.760032876903733,14.0,0.0,1.1586633619371352,0.17292565313691938,1.3240090531873363,0.2521524714904335
E09,minimal_pair,descriptive_pair_base,P05,Every rose is red and this flower smells sweet tonight.,0,1.4986860687187153,53.53374643674132,0.4039682539682539,0.1167465858020352,36.357142857142854,10.507192722183166,10.0,0.0,0.877807374984499,0.3755633351784116,1.193564557729415,0.4905195830304494
E09,minimal_pair,descriptive_pair_base,P05,Every rose is red and this flower smells sweet tonight.,8,27.367161504652987,25.862228469921742,0.43809523809523804,0.10610198517290456,38.42857142857143,12.302059150429221,9.642857142857142,1.336306209562122,0.9495543049576601,0.37312959777639243,1.2677742246555035,0.5300564244036995
E09,minimal_pair,descriptive_pair_base,P05,Every rose is red and this flower smells sweet tonight.,15,33.37585598189805,21.410881324938803,0.46984126984126984,0.08342485816414054,42.285714285714285,7.508237234772646,10.0,0.0,1.1088222927517362,0.2917203389586075,1.39967002777356,0.43898244517347923
E09,minimal_pair,descriptive_pair_base,P05,Every rose is red and this flower smells sweet tonight.,23,22.487010697743887,35.7888794166188,0.4396825396825396,0.06050033327971834,39.57142857142857,5.44502999517465,10.0,0.0,0.9591161334325397,0.15149779119739767,1.1822117903963814,0.1927791359449546
E10,minimal_pair,logical_pair_variant,P05,"If every rose is red, then this flower is red.",0,16.210195822062452,41.475762597371684,0.3714285714285714,0.1319739683658078,40.857142857142854,14.517136520238857,11.0,0.0,0.8577405657087054,0.4303793760227321,1.1043137163365804,0.5483112351644764
E10,minimal_pair,logical_pair_variant,P05,"If every rose is red, then this flower is red.",8,19.537505961216375,44.63381238684359,0.4181818181818181,0.11510243095697839,46.0,12.661267405267623,11.0,0.0,1.0279094877697172,0.36252753977315616,1.5522235681564787,0.351665688256962
E10,minimal_pair,logical_pair_variant,P05,"If every rose is red, then this flower is red.",15,33.72731004559474,23.09260494907868,0.44805194805194803,0.08289336829731402,49.285714285714285,9.118270512704541,11.0,0.0,1.1304630824497768,0.27811336826286137,1.4494571202425683,0.391011573190391
E10,minimal_pair,logical_pair_variant,P05,"If every rose is red, then this flower is red.",23,32.12416063516523,35.15177859090544,0.46688311688311684,0.05199236371837761,51.357142857142854,5.719160009021536,11.0,0.0,1.1891645159040178,0.19982469099069017,1.4816691032746458,0.29451926836822895
